name,sn_type,redshift,mult_sn_flag,galaxy_name,position_flag,morph_type,t_type,inclination,position_angle,redshift_flag,galaxy_app_mag_flag,galaxy_app_mag,log_diameter,class
SN 2013K,II P,,,E009-G10,,Sbc,4,41,171,,,12.7,1.32,SUPERNOVA TYPE II
SN 2013ch,IIb,,,E007-G06,,Sdm,7.8,47,60,,,14.7,1.22,SUPERNOVA TYPE II
SN 2006ai,II,,,E005-G09,,SBdm,8,37,112,,,15.64,1.02,SUPERNOVA TYPE II
SN 2012ah,Ia,,Y,NGC7637,,Sc,5.1,23,,,,13.07,1.36,SUPERNOVA TYPE I
SN 1992ao,II,,Y,NGC7637,,Sc,5.1,23,,,,13.07,1.36,SUPERNOVA TYPE II
SN 1991aq,,,,A015239-8138,,S,,,,,,,,SUPERNOVA
SN 2007as,Ia,,,E018-G18,,Sbc,3.8,37,,,,,0.99,SUPERNOVA TYPE I
SN 2010E,II P,,,E013-G28,,Sbc,4,80,3,,,15.19,1.28,SUPERNOVA TYPE II
SN 2004ch,II,,,NGC5612,,Sab,2,59,63,,,13.04,1.27,SUPERNOVA TYPE II
SN 2009J,Ia pec,,Y,IC2160,,SBc,4.7,67,107,,,13.86,1.31,SUPERNOVA TYPE I
SN 2009iw,Ia,,Y,IC2160,,SBc,4.7,67,107,,,13.86,1.31,SUPERNOVA TYPE I
SN 2001ke,,0.36,,A113429-7601,,,,,,,,,,SUPERNOVA
SN 2013H,Ia,,,E036-G19,,SBbc pec,4,68,157,,,13.77,1.3,SUPERNOVA TYPE I
SN 2009gd,Ic,,,NGC5967,,Sc,4.9,54,90,,,12.73,1.46,SUPERNOVA TYPE I
SN 2004M,,,,A003559-7448,,,,,,,,,,SUPERNOVA
SN 2014cu,II P,,,PGC0252921,,Sbc,4,69,83,,,14.94,1.04,SUPERNOVA TYPE II
SN 1998cx,Ia,,Y,NGC6209,,Sbc,3.8,39,10,,,,1.31,SUPERNOVA TYPE I
SN 2009fz,IIb,,Y,NGC6209,,Sbc,3.8,39,10,,,,1.31,SUPERNOVA TYPE II
SN 2014ca,II P,,,A165320-7230,,,,,,,,,,SUPERNOVA TYPE II
SN 2013B,Ia,,,E060-G26,,S0,-2,39,140,,,14.49,1.01,SUPERNOVA TYPE I
SN 2002B,Ia,0.143,,A054046-7151,,,,,,,,,,SUPERNOVA TYPE I
SN 2004ga,II,0.11,,A055811-7137,,,,,,,,,,SUPERNOVA TYPE II
SN 2010gw,II P,,,IC4992,,SBc,5.2,84,55,,,14.48,1.35,SUPERNOVA TYPE II
SN 2003gh,Ia,,,NGC2466,,Sc,5.3,27,20,,,13.54,1.19,SUPERNOVA TYPE I
SN 1998er,,,,GH09-02,,SBb,,,,,,,,SUPERNOVA
SN 1992U,II,,,E074-G04,G,SBc,5,77,70,,,14.85,1.03,SUPERNOVA TYPE II
SN 2014bx,Ia,,,NGC6808,,Sab pec,1.5,60,40,,,13.65,1.18,SUPERNOVA TYPE I
SN 2004O,,,,A044344-7028,,,,,,,,,,SUPERNOVA
SN 2013cz,II P,,,IC4892,,Sbc,3.9,78,3,,,15.74,1.23,SUPERNOVA TYPE II
SN 2003ma,IIn,0.289,,A053101-7004,,,,,,,,,,SUPERNOVA TYPE II
SN 2012dk,Ia,,,E050-G06,,SBcd,6,37,89,,,14.5,1.24,SUPERNOVA TYPE I
SN 1999ga,II L,,Y,NGC2442,,Sbc pec,3.7,27,,,,11.24,1.74,SUPERNOVA TYPE II
SN 2015F,Ia,,Y,NGC2442,,Sbc pec,3.7,27,,,,11.24,1.74,SUPERNOVA TYPE I
SN 1999J,Ia pec,,,A053532-6929,,,,,,,,,,SUPERNOVA TYPE I
SN 2004N,Ia,,,A053520-6927,,,,,,:,,,,SUPERNOVA TYPE I
SN 1987A,II pec,,,LMC,,SBm,9,35,170,,,0.9,3.81,SUPERNOVA TYPE II
SN 2013fx,Ia,,,A230321-6911,,,,,,:,,,,SUPERNOVA TYPE I
SN 2012fu,Ia,,,E055-G28,,Sbc,3.6,71,114,,,16.11,0.8,SUPERNOVA TYPE I
SN 2015J,IIn,,,A073505-6907,,,,,,,,,,SUPERNOVA TYPE II
SN 1998eh,,,,E074-G09,,,,34,,,,15.11,0.7,SUPERNOVA
SN 1975V,,,,A201813-6903,,,,,,,,,,SUPERNOVA
SN 2006bc,II P,,,NGC2397,,SBb:,2.8,61,123,,,12.68,1.39,SUPERNOVA TYPE II
SN 1996af,,0.1,,A222831-6858,,,,,,,,,,SUPERNOVA
SN 2015bj,II,,,E061-G08,,Sc,5,74,107,,,15.53,1.27,SUPERNOVA TYPE II
SN 2004gp,II,,,A045338-6847,,,,,,,,,,SUPERNOVA TYPE II
SN 2005av,IIn,,Y,NGC6943,,Scd,6,60,130,,,12.05,1.6,SUPERNOVA TYPE II
SN 1998ew,II,,Y,NGC6943,,Scd,6,60,130,,,12.05,1.6,SUPERNOVA TYPE II
SN 2009gu,Ia,,,E068-G12,,SBm pec,,52,88,,,13.22,1.05,SUPERNOVA TYPE I
SN 2004aa,,,,A043402-6754,,,,,,,,,,SUPERNOVA
SN 2011do,Ia,,,E055-G23,,Sb,3,77,152,,,14.39,1.18,SUPERNOVA TYPE I
SN 1935C,,,,NGC1511,G,Sa,1.3,78,125,,,11.85,1.56,SUPERNOVA
SN 2004gb,Ia,0.22,,A045522-6730,,,,,,,,,,SUPERNOVA TYPE I
SN 2008ag,II P,,,IC4729,,Sc,4.5,36,150,,,13.27,1.2,SUPERNOVA TYPE II
SN 1976Q,,,,A212054-6713,,,,,,,,,,SUPERNOVA
SN 2008cc,Ia,,,E107-G04,,E1,-4.2,,136,,,12.88,1.21,SUPERNOVA TYPE I
SN 1978J,,,,A222612-6710,,S,,,,,,,,SUPERNOVA
SN 1983F,,,,A184224-6702,G,S,,,,,,,,SUPERNOVA
SN 2009dq,IIb,,,IC2554,,SBbc,4,65,175,,,12.51,1.49,SUPERNOVA TYPE II
SN 2014cj,Ia,,,E087-G31,,Sc,4.7,80,23,,,15.54,1.17,SUPERNOVA TYPE I
SN 1978K,II,,Y,NGC1313,,SBcd,6.9,38,,,,9.66,1.96,SUPERNOVA TYPE II
SN 1962M,II P,,Y,NGC1313,G,SBcd,6.9,38,,,,9.66,1.96,SUPERNOVA TYPE II
SN 2006bh,Ia,,Y,NGC7329,,SBc,3,47,107,,,12.1,1.59,SUPERNOVA TYPE I
SN 2009iu,Ib,,Y,NGC7329,,SBc,3,47,107,,,12.1,1.59,SUPERNOVA TYPE I
SN 2004fv,Ia,,,NGC6492,,Sbc,3.9,61,75,,,12.2,1.39,SUPERNOVA TYPE I
SN 2009ge,II,,,E101-G18,,SBa,1.4,60,77,,,13.53,1.3,SUPERNOVA TYPE II
SN 1982N,,,,A211512-6556,G,,,,,,,,,SUPERNOVA
SN 1976P,,,,A080801-6546,,,,,,,,,,SUPERNOVA
SN 2001cn,Ia,,,IC4758,,Sc,5.2,48,140,,,14.23,1.03,SUPERNOVA TYPE I
SN 1985T,,,,A190328-6536,,,,,,,,,,SUPERNOVA
SN 1991E,II,,,A063423-6533,,,,,,,,,,SUPERNOVA TYPE II
SN 2015ak,Ia,,,E108-G21,,SBa,0.5,63,78,,,13.48,1.22,SUPERNOVA TYPE I
SN 2005cm,,,,IC5142,,Scd,6.7,59,72,,,14.37,1.21,SUPERNOVA
SN 1996cr,IIn:,,,E097-G13,,Sb,3,64,40,,,12.1,1.84,SUPERNOVA TYPE II
SN 2013gi,Ia,,,PGC0075726,,Sab,2.1,58,48,,,15.43,0.27,SUPERNOVA TYPE I
SN 1998df,,,,A213230-6503,,S,,,,,,,,SUPERNOVA
SN 2012gp,Ia,,,PGC0075651,,Sbc,4.3,73,84,,,16.38,0.85,SUPERNOVA TYPE I
SN 2013ay,Ia,,,IC4745,,Sab,1.8,66,1,,,13.85,1.33,SUPERNOVA TYPE I
SN 2012hb,II,,,E090-G15,,Sb,3.2,77,144,,,,1.25,SUPERNOVA TYPE II
SN 2008fa,Ia,,,NGC6722,,Sb,3,82,166,,,13.57,1.46,SUPERNOVA TYPE I
SN 2011cb,IIb,,,IC5249,,SBd,7,83,14,,,14.23,1.56,SUPERNOVA TYPE II
SN 1992ba,II P,,,NGC2082,,SBb,3.1,24,,,,12.72,1.27,SUPERNOVA TYPE II
SN 1993M,Ia,,,A191301-6417,,,,,,,,,,SUPERNOVA TYPE I
SN 2001bd,II,,,A191310-6417,,,,,,,,,,SUPERNOVA TYPE II
SN 2011fn,,,,A064830-6415,,,,,,:,,,,SUPERNOVA
SN 2008bc,Ia,,,A093831-6358,,,,,,,,,,SUPERNOVA TYPE I
SN 2009hm,Ib,,Y,NGC7083,,Sbc,4.1,53,5,,,11.88,1.54,SUPERNOVA TYPE I
SN 1983Y,,,Y,NGC7083,G,Sbc,4.1,53,5,,,11.88,1.54,SUPERNOVA
SN 1998cq,Ia,0.15,,A004506-6349,,,,,,,,,,SUPERNOVA TYPE I
SN 2005at,Ic,,,NGC6744,,Sbc,4,50,15,,,9.14,2.3,SUPERNOVA TYPE I
SN 1998du,,,,A004511-6348,,,,,,,,,,SUPERNOVA
SN 1996bm,?,,,A004440-6344,,,,,,,,,,SUPERNOVA
SN 2009bu,II P,,Y,NGC7408,,SBcd,6,39,167,,,13.58,1.18,SUPERNOVA TYPE II
SN 2007bn,,,Y,NGC7408,,SBcd,6,39,167,,,13.58,1.18,SUPERNOVA
SN 2014cq,IIb,,,E091-G11,,Sc,5,83,49,,,15.44,1.26,SUPERNOVA TYPE II
SN 2006aw,Ia,,,E085-G38,,SBb,2.5,47,90,,,13.49,1.17,SUPERNOVA TYPE I
SN 2005br,Ib:,,,IC5084,,SBb pec,3,52,137,,,12.6,1.2,SUPERNOVA TYPE I
SN 2004ac,Ia,,,IC4769,,SBb pec,3.4,51,175,,,13.94,1.28,SUPERNOVA TYPE I
SN 2009il,,,,A063352-6300,,,,,,,,,,SUPERNOVA
SN 2009lq,II P,,,A041452-6250,,,,,,,,,,SUPERNOVA TYPE II
SN 1992O,Ia,,,A192343-6250,,,,,,,,,,SUPERNOVA TYPE I
SN 1986L,II P,,Y,NGC1559,,SBc,5.9,56,64,,,11.01,1.56,SUPERNOVA TYPE II
SN 1984J,II,,Y,NGC1559,G,SBc,5.9,56,64,,,11.01,1.56,SUPERNOVA TYPE II
SN 2009ib,II P,,Y,NGC1559,,SBc,5.9,56,64,,,11.01,1.56,SUPERNOVA TYPE II
SN 2005df,Ia,,Y,NGC1559,,SBc,5.9,56,64,,,11.01,1.56,SUPERNOVA TYPE I
SN 1990af,Ia,,,A213458-6244,,SB0,,,,,,,,SUPERNOVA TYPE I
SN 1992bg,Ia,,,A074156-6231,,S,,,,,,,,SUPERNOVA TYPE I
SN 2011jz,II P,,,E085-G01,,Scd,6,39,152,,,14.73,1.09,SUPERNOVA TYPE II
SN 2012bt,Ic,,,IC4674,,Sd,6.9,65,89,,,14.82,1.17,SUPERNOVA TYPE I
SN 2011gw,Ib/c,,,IC2200,,Sc pec,2.7,57,58,,,14.05,1.11,SUPERNOVA TYPE I
SN 2008cm,Ia,,,NGC2369,,SBa,1,72,177,,,13.21,1.55,SUPERNOVA TYPE I
SN 1992N,II,,,IC4831,G,Sab,1.9,90,111,,,12.68,1.54,SUPERNOVA TYPE II
SN 2011ka,Ia,,,E119-G46,,Sb,3.1,72,57,,,15.05,1.06,SUPERNOVA TYPE I
SN 2012ew,II P,,,PGC0127935,,Sc,4.8,61,171,,,14.57,1.05,SUPERNOVA TYPE II
SN 1971R,,,,IC4798,G,S0,-1.8,56,108,,,13.09,1.29,SUPERNOVA
SN 2005cj,,,,E114-G14,,SBc,4.1,27,128,,,14.3,1.19,SUPERNOVA
SN 2014cs,Ia,,,PGC0349297,,,,78,15,,,16.08,0.93,SUPERNOVA TYPE I
SN 2011kb,II P,,,A072114-6205,,,,,,:,,,,SUPERNOVA TYPE II
SN 1993A,II,,,A073918-6203,G,,,,,,,,,SUPERNOVA TYPE II
SN 2011di,Ia,,,IC4754,,SBb,2.6,24,30,,,14.5,1.12,SUPERNOVA TYPE I
SN 1997cy,IIn,,,A043254-6142,,,,,,,,,,SUPERNOVA TYPE II
SN 2012fv,Ia,,Y,IC4815,,S0,-2.2,46,167,,,14.38,1.05,SUPERNOVA TYPE I
SN 2011fm,Ia,,Y,IC4815,,S0,-2.2,46,167,,,14.38,1.05,SUPERNOVA TYPE I
SN 2015L,SLSN-I,0.236,,A220215-6139,,,,,,,,,,SUPERNOVA
SN 1998ea,Ia,,,A043346-6135,,,,,,,,,,SUPERNOVA TYPE I
SN 2014br,Ib/c,,,E147-G17,,SBbc pec,4,72,14,,,15.36,1.12,SUPERNOVA TYPE I
SN 1992ae,Ia,,,A212817-6133,,E1,,,,,,,,SUPERNOVA TYPE I
SN 1998dv,,0.156,,A042946-6130,,,,,,,,,,SUPERNOVA
SN 2015T,II,,,E147-G20A,,Sc,5.1,6,143,,,15.04,1,SUPERNOVA TYPE II
SN 1997fe,,,,A043307-6126,,,,,,,,,,SUPERNOVA
SN 2008ia,Ia,,,E125-G06,,S0,-2.2,32,108,:,,,1.09,SUPERNOVA TYPE I
SN 1998dy,,,,A042954-6112,,,,,,,,,,SUPERNOVA
SN 1997A,Ia,,,A043133-6107,,,,,,,,,,SUPERNOVA TYPE I
SN 2014Z,Ia,,,E114-G04,,S0,-2.1,61,33,,,14.39,1.03,SUPERNOVA TYPE I
SN 2009ll,II P,,,E122-G04,,SBab,2,29,134,,,15.3,1.03,SUPERNOVA TYPE II
SN 2012du,II P,,,NGC7125,,Sc,5,46,110,,,12.84,1.49,SUPERNOVA TYPE II
SN 2012db,Ia,,,E139-G28,,S0,-2.1,55,72,,,14.59,1.06,SUPERNOVA TYPE I
SN 2007cr,,,,E137-G19,,SB0,-2,53,160,,,13.84,1.22,SUPERNOVA
SN 1998ff,,1.2,,A223249-6034,,E,,,,,,,,SUPERNOVA
SN 2006ox,,,Y,NGC6769,,Sb pec,3,50,123,,,12.55,1.37,SUPERNOVA
SN 1997de,Ia,,Y,NGC6769,,Sb pec,3,50,123,,,12.55,1.37,SUPERNOVA TYPE I
SN 2013by,II,,,E138-G10,,Sdm,8,44,55,,,11.6,1.75,SUPERNOVA TYPE II
SN 1975U,,,,A002913-6004,,S,,,,,,,,SUPERNOVA
SN 1992E,Ia,,,A063517-5956,,S,,,,,,,,SUPERNOVA TYPE I
SN 2009ap,Ic,,,E138-G27,,Sbc,4.4,50,42,,,13.75,1.03,SUPERNOVA TYPE I
SN 2009mg,IIb,,Y,E121-G26,,SBbc,4.2,51,115,,,12.73,1.51,SUPERNOVA TYPE II
SN 2008M,II P,,Y,E121-G26,,SBbc,4.2,51,115,,,12.73,1.51,SUPERNOVA TYPE II
SN 1935A,,,,IC4652,,Sb,3.2,65,10,,,14.08,1.1,SUPERNOVA
SN 2012hr,Ia,,Y,E121-G26,,SBbc,4.2,51,115,,,12.73,1.51,SUPERNOVA TYPE I
SN 2002by,Ia pec,,,E139-G34,,Sc,,,,,,,,SUPERNOVA TYPE I
SN 2010dc,Ib/c,,,IC4854,,Scd,5.6,21,,,,13.81,1.09,SUPERNOVA TYPE I
SN 2001bt,Ia,,,IC4830,,SBbc,3.7,37,28,,,13.2,1.22,SUPERNOVA TYPE I
SN 1990W,Ib/c,,,NGC6221,,SBc,5,50,5,,,10.76,1.61,SUPERNOVA TYPE I
SN 2011N,Ic,,,E120-G16,,Sb,3.1,71,1,,,14.71,0.95,SUPERNOVA TYPE I
SN 2010hj,Ia,,,E145-G16,,Sab,2.2,42,60,,,14.79,1.01,SUPERNOVA TYPE I
SN 1992bh,Ia,,,A045927-5849,,Sbc,,,,,,,,SUPERNOVA TYPE I
SN 2011gv,II P,,,IC4901,,Sc:,5.3,47,135,,,11.97,1.68,SUPERNOVA TYPE II
SN 2013gr,Ia pec,,,E114-G07,,SBm,9,34,40,,,14.23,1.26,SUPERNOVA TYPE I
SN 2005ah,Ia,,,A060045-5835,,,,,,,,,,SUPERNOVA TYPE I
SN 2000er,Pec,,,PGC0009132,,Sab pec,2,79,124,,,14.72,1.24,SUPERNOVA
SN 2009if,Ib/c,,,IC2070,,Sc,4.9,51,85,,,14.5,1.15,SUPERNOVA TYPE I
SN 2013hx,Ic,0.135,,A013533-5757,,,,,,,,,,SUPERNOVA TYPE I
SN 2011eb,Ia,,,NGC 782,,SBb,3,29,15,,,12.68,1.37,SUPERNOVA TYPE I
SN 1995W,II,,,NGC7650,,SBc,6,30,,,,13.14,1.13,SUPERNOVA TYPE II
SN 2012dy,II,,,E145-G04,,Sc,5.4,77,122,,,14.28,1.35,SUPERNOVA TYPE II
SN 2011ec,Ia,,,E147-G05,,SBc,4.9,47,2,,,13.96,1.19,SUPERNOVA TYPE I
SN 2002dm,Ia,,,IC5017,,S0,-1.6,50,5,,,14.8,1.01,SUPERNOVA TYPE I
SN 1997cp,,0.16,,A214436-5725,,,,,,,,,,SUPERNOVA
SN 2010ae,Ia pec,,,E162-G17,,Sb,3.3,68,62,,,13.36,1.31,SUPERNOVA TYPE I
SN 1996ap,,,,A214553-5708,,,,,,,,,,SUPERNOVA
SN 2000cj,Ia,,Y,NGC6753,,Sb,3,29,30,,,11.97,1.39,SUPERNOVA TYPE I
SN 2005cb,Ic,,Y,NGC6753,,Sb,3,29,30,,,11.97,1.39,SUPERNOVA TYPE I
SN 1934A,,,,IC4719,G,Sd,8.1,51,116,,,13.52,1.14,SUPERNOVA
SN 2005bs,Ia,,,A201014-5638,,,,,,,,,,SUPERNOVA TYPE I
SN 1997ej,Ia,,Y,IC2060,,S0:pec,-3,52,157,,,14.84,1.02,SUPERNOVA TYPE I
SN 2014dn,Ia pec,,Y,IC2060,,S0:pec,-3,52,157,,,14.84,1.02,SUPERNOVA TYPE I
SN 1997D,II pec,,,NGC1536,,SBc pec:,5,44,155,,,13.15,1.3,SUPERNOVA TYPE II
SN 2013eo,Ia,,,PGC0161935,,,,24,,,,15.19,0.88,SUPERNOVA TYPE I
SN 2010co,II P,,,NGC6862,,SBb,3.5,46,,,,13.44,1.2,SUPERNOVA TYPE II
SN 1990T,Ia,,,PGC0063925,,S0,-2,49,,,,15.12,1.04,SUPERNOVA TYPE I
SN 2010bh,Ic,,,A071031-5615,,,,,,,,,,SUPERNOVA TYPE I
SN 2010ds,,,,IC4840,,SB0/a,-0.8,52,131,,,14.32,1.05,SUPERNOVA
SN 2010iu,Ia,,,A004002-5609,,,,,,:,,,,SUPERNOVA TYPE I
SN 1992br,Ia,,,A014544-5605,,E0,,,,,,,,SUPERNOVA TYPE I
SN 1994ad,II,,,E152-G26,,SBa,1,49,29,,,14.05,1.26,SUPERNOVA TYPE II
SN 2012fz,Ia,,,E185-G54,,E2,-5,,122,,,12.24,1.55,SUPERNOVA TYPE I
SN 2013fq,IIb,,,A195907-5555,,,,,,,,,,SUPERNOVA TYPE II
SN 2013fc,IIn,,Y,E154-G10,,SBa,1.5,66,93,,,13.48,1.41,SUPERNOVA TYPE II
SN 2014eg,Ia pec,,Y,E154-G10,,SBa,1.5,66,93,,,13.48,1.41,SUPERNOVA TYPE I
SN 1982K,,,,A201106-5537,G,,,,,,,,,SUPERNOVA
SN 2009jz,Ia pec,,,E159-G23,,Sb,3,61,118,,,14.3,1.23,SUPERNOVA TYPE I
SN 1985N,,,,A215330-5524,G,,,,,,,,,SUPERNOVA
SN 1991ag,Ia,,,IC4919,,SBd,7.9,68,31,,,14.97,1.16,SUPERNOVA TYPE I
SN 1982S,,,,E150-G20,G,SBbc,4.1,71,5,,,14.41,1.22,SUPERNOVA
SN 1987I,Ia,,,IC4963,G,Sa,0.9,90,160,,,14.27,1.29,SUPERNOVA TYPE I
SN 2005dk,II,,,IC4882,,SBb:,3,34,2,,,14.26,0.99,SUPERNOVA TYPE II
SN 2012U,Ia,,,E153-G20,,SBb pec,2.6,52,14,,,13.8,1.2,SUPERNOVA TYPE I
SN 1998bo,Ic,,,E185-G31,,SBab,2,75,125,,,15.67,1.02,SUPERNOVA TYPE I
SN 2004ew,Ib,,,E153-G17,,Sc,4.7,44,110,,,14.3,1.41,SUPERNOVA TYPE I
SN 1991al,II P,,,A194223-5506,,S,,,,,,,,SUPERNOVA TYPE II
SN 1983D,,,,A032648-5505,G,,,,,,,,,SUPERNOVA
SN 2010el,Ia pec:,,,NGC1566,,Sbc,4,37,60,,,10.33,1.92,SUPERNOVA TYPE I
SN 1984K,,,,NGC6850,G,S0/a,-1,72,153,,,13.4,1.36,SUPERNOVA
SN 2006ci,II,,,E182-G10,,Sc pec,4.7,42,20,,,13.92,1.27,SUPERNOVA TYPE II
SN 2011ed,Ia,,Y,IC4839,,SBbc,4.1,45,147,,,13.35,1.34,SUPERNOVA TYPE I
SN 1984O,I,,Y,IC4839,G,SBbc,4.1,45,147,,,13.35,1.34,SUPERNOVA TYPE I
SN 2005aw,Ic,,Y,IC4837A,,Sb:,2.5,81,165,,,12.49,1.61,SUPERNOVA TYPE I
SN 1998em,Ia,,Y,IC4837A,,Sb:,2.5,81,165,,,12.49,1.61,SUPERNOVA TYPE I
SN 1996al,II,,,NGC7689,,Scd,6,49,162,,,12.2,1.46,SUPERNOVA TYPE II
SN 2010kw,,,,E162-G02,,Sbc,3.8,54,51,,,15.04,1,SUPERNOVA
SN 1998ee,II pec,,,A015331-5358,,,,,,,,,,SUPERNOVA TYPE II
SN 1979D,,,Y,E153-G27,G,S0/a,-0.1,85,150,,,14.3,1.23,SUPERNOVA
SN 2000ek,,,Y,E153-G27,,S0/a,-0.1,85,150,,,14.3,1.23,SUPERNOVA
SN 2008gc,Ib/c,,,A021036-5345,,,,,,:,,,,SUPERNOVA TYPE I
SN 2011ce,Ia pec,,Y,NGC6708,,Sb:,3,42,167,,,12.7,1.06,SUPERNOVA TYPE I
SN 2004do,Ia,,Y,NGC6708,,Sb:,3,42,167,,,12.7,1.06,SUPERNOVA TYPE I
SN 1992bk,Ia,,,E156-G08,,E,-5,,,,,15.22,1.12,SUPERNOVA TYPE I
SN 2015al,Ia,,,A192512-5336,,,,,,,,,,SUPERNOVA TYPE I
SN 2004cw,,,,E184-G75,,SBc,4.5,21,20,,,14.16,0.99,SUPERNOVA
SN 1997fd,,,,A034115-5329,,,,,,,,,,SUPERNOVA
SN 2009ah,IIb,,,E171-G04,,SB0,-1.9,52,62,,,13.59,1.25,SUPERNOVA TYPE II
SN 1996bx,Ia,,,A035916-5322,,,,,,,,,,SUPERNOVA TYPE I
SN 1978L,,,,A204634-5319,,,,,,,,,,SUPERNOVA
SN 1998ds,Ia,,,A031719-5310,,S,,,,,,,,SUPERNOVA TYPE I
SN 1996ao,,,,A032803-5253,,,,,,,,,,SUPERNOVA
SN 1998bw,Ic,,,E184-G82,,SB,4.2,33,,,,15.12,0.91,SUPERNOVA TYPE I
SN 1998ap,,,,A200035-5242,,,,,,,,,,SUPERNOVA
SN 1997cu,Ia,,,A032903-5241,,,,,,,,,,SUPERNOVA TYPE I
SN 2011X,II P,,,E221-G07,,Sc,5.3,53,123,,,14.86,1.19,SUPERNOVA TYPE II
SN 2009O,,,,A032902-5237,,,,,,,,,,SUPERNOVA
SN 2010gt,,,,E187-G21,,S0/a,-1.1,69,21,,,15.2,1.01,SUPERNOVA
SN 1998fb,,,,A033045-5232,,,,,,,,,,SUPERNOVA
SN 1996as,II,,,A210536-5222,,SBb,,,,,,,,SUPERNOVA TYPE II
SN 1991I,II,,,A052625-5213,,,,,,,,,,SUPERNOVA TYPE II
SN 2006ms,II,,,NGC6935,,Sa,1.1,32,14,,,12.8,1.3,SUPERNOVA TYPE II
SN 2014cm,II P,,,E229-G08,,Sb,2.7,72,79,,,,1.33,SUPERNOVA TYPE II
SN 2015aw,Ia pec,,,E197-G24,,Sc,5.1,80,57,,,15.37,1.25,SUPERNOVA TYPE I
SN 2009gg,Ia,,,E235-G35,,Sb,3,80,11,,,14.96,1.1,SUPERNOVA TYPE I
SN 2007fj,Ib/c,,,A221425-2811,,,,,,,,,,SUPERNOVA TYPE I
SN 2000fb,,,,E205-G11,,SBb:,2.5,34,21,,,14.69,1.04,SUPERNOVA
SN 2012im,Ic,,Y,NGC6984,,SBc,5,49,101,,,13.17,1.26,SUPERNOVA TYPE I
SN 2013ek,Ib,,Y,NGC6984,,SBc,5,49,101,,,13.17,1.26,SUPERNOVA TYPE I
SN 2006Y,II,,,A071317-5141,,,,,,,,,,SUPERNOVA TYPE II
SN 2014cd,Ia,,Y,NGC1578,,Sa pec:,1,29,177,,,13.92,1.09,SUPERNOVA TYPE I
SN 2013fz,Ia,,Y,NGC1578,,Sa pec:,1,29,177,,,13.92,1.09,SUPERNOVA TYPE I
SN 1992al,Ia,,,E234-G69,,SBc:,5.1,75,111,,,14.13,1.36,SUPERNOVA TYPE I
SN 1995U,Ia,,,E235-G13,,,,33,,,,15.46,0.76,SUPERNOVA TYPE I
SN 2010jb,Ia,,,IC1615,,SBbc,-4.2,63,143,,,14.51,1.1,SUPERNOVA TYPE I
SN 2011id,Ia,,,A025740-5102,,,,,,,,,,SUPERNOVA TYPE I
SN 1998X,II,,Y,NGC6754,,SBb,3,60,80,,,12.89,1.28,SUPERNOVA TYPE II
SN 2005cu,II,,Y,NGC6754,,SBb,3,60,80,,,12.89,1.28,SUPERNOVA TYPE II
SN 1998dq,Ia,,Y,NGC6754,,SBb,3,60,80,,,12.89,1.28,SUPERNOVA TYPE I
SN 2000do,Ia,,Y,NGC6754,,SBb,3,60,80,,,12.89,1.28,SUPERNOVA TYPE I
SN 2013L,IIn,,,E216-G39,,Sab,2.2,68,157,,,15.09,1.15,SUPERNOVA TYPE II
SN 1976O,,,,E234-G16,,Sc,5.1,41,64,,,14.52,1.1,SUPERNOVA
SN 1992au,Ia,,,A001040-4956,,E1,,,,,,,,SUPERNOVA TYPE I
SN 2005ae,IIb,,,E209-G09,,SBcd:,6,82,152,,,12.44,1.79,SUPERNOVA TYPE II
SN 1998cv,Ic,,,E237-G42,,S:,5,55,48,,,14.64,0.95,SUPERNOVA TYPE I
SN 2013gk,IIb,,,E230-G06,,SBc: pec,5,46,,,,14.96,1.12,SUPERNOVA TYPE II
SN 2003bx,,,,A052504-4936,,,,,,,,,,SUPERNOVA
SN 2015S,II P,,Y,E194-G24,,Sc,5,56,54,,,14.5,1.03,SUPERNOVA TYPE II
SN 1982P,,,Y,E194-G24,G,Sc,5,56,54,,,14.5,1.03,SUPERNOVA
SN 2005af,II P,,Y,NGC4945,,SBcd:,6,79,43,,,9.27,2.3,SUPERNOVA TYPE II
SN 2011ja,II P,,Y,NGC4945,,SBcd:,6,79,43,,,9.27,2.3,SUPERNOVA TYPE II
SN 2010bp,Ia,,,E221-G32,,Sc pec,4.8,32,0,,,12.8,1.34,SUPERNOVA TYPE I
SN 2007pl,Ia,,,E205-G18,,Sbc,4.3,42,147,,,14.54,1.08,SUPERNOVA TYPE I
SN 2002ba,,,,A051437-4907,,,,,,,,,,SUPERNOVA
SN 2002bb,,,,A051506-4859,,,,,,,,,,SUPERNOVA
SN 2012cj,II P,,,NGC5156,,SBb,3.5,32,115,,,12.49,1.37,SUPERNOVA TYPE II
SN 2002bc,,,,A051616-4853,,,,,,,,,,SUPERNOVA
SN 1998dr,Ia,,,A000930-4850,,S,,,,,,,,SUPERNOVA TYPE I
SN 2011bx,Ia,,,A044212-4844,,,,,,,,,,SUPERNOVA TYPE I
SN 1999co,II,,,A210319-1432,,,,,,,,,,SUPERNOVA TYPE II
SN 2010aa,,,Y,NGC 692,,SBbc:,4,29,84,,,13.25,1.32,SUPERNOVA
SN 2007st,Ia,,Y,NGC 692,,SBbc:,4,29,84,,,13.25,1.32,SUPERNOVA TYPE I
SN 1994Z,II,,,NGC  87,,Irr,10,40,,,,14.63,0.94,SUPERNOVA TYPE II
SN 1985M,,,,A220830-4830,G,,,,,,,,,SUPERNOVA
SN 2009aj,II,,,E221-G18,,Sab,2.2,36,128,,,14.63,0.96,SUPERNOVA TYPE II
SN 2010ls,IIb,,,A134051-4823,,,,,,,,,,SUPERNOVA TYPE II
SN 2012bl,Ia,,,E234-G19,,Sbc:,4,81,69,,,15.25,1.19,SUPERNOVA TYPE I
SN 2005dn,II,,,NGC6861F,,SBdm?,8,80,86,,,14.83,1.2,SUPERNOVA TYPE II
SN 2012fw,Ia,,,E235-G37,,S0/a,-0.4,63,151,,,15.52,1.03,SUPERNOVA TYPE I
SN 2003ho,II,,,E235-G58,,SBd,7,47,120,,,15.58,1.38,SUPERNOVA TYPE II
SN 2014dc,II P,,,IC1949,,SBc,4.6,34,27,,,13.67,1.03,SUPERNOVA TYPE II
SN 2012hs,II,,,E213-G02,,S0 pec,-1.5,32,10,,,13.2,1.15,SUPERNOVA TYPE II
SN 2008ge,Ia pec,,,NGC1527,,S0,-2.7,68,78,,,11.74,1.57,SUPERNOVA TYPE I
SN 2014O,II P,,,E263-G04,,SBa,1,51,106,,,14.49,1.09,SUPERNOVA TYPE II
SN 1992L,,,Y,A073536-4716,,S,,,,,,,,SUPERNOVA
SN 1982Z,,,Y,A073538-4716,,S,,,,,,,,SUPERNOVA
SN 2007bl,,,,E239-G01,,Scd,6.6,82,133,,,16.58,1.05,SUPERNOVA
SN 1983L,Ia,,Y,NGC7038,,SBc,5,65,127,,,12.62,1.53,SUPERNOVA TYPE I
SN 2010dx,II,,Y,NGC7038,,SBc,5,65,127,,,12.62,1.53,SUPERNOVA TYPE II
SN 1985P,II P,,,NGC1433,,SBab,2,24,,,,10.78,1.78,SUPERNOVA TYPE II
SN 2008eu,II,,,E289-G10,,SBcd,6.7,80,122,,,14.86,1.3,SUPERNOVA TYPE II
SN 2008dy,II,,,E241-G23,,Sab,2.1,61,163,,,13.92,1.26,SUPERNOVA TYPE II
SN 2008da,II,,,NGC6845A,,SBb,3,63,48,,,13.65,1.35,SUPERNOVA TYPE II
SN 2010iy,,,,E281-G14,,SBb,3,52,57,,,14.44,1.05,SUPERNOVA
SN 2013fy,Ia,,,E287-G40,,Sbc pec:,3.7,37,119,,,14.25,1.07,SUPERNOVA TYPE I
SN 2009lc,,,,A213650-4657,,,,,,,,,,SUPERNOVA
SN 2011kl,SLSN,0.677,,A005722-4648,,,,,,,,,,SUPERNOVA
SN 2010fy,Ia,,,A052452-4646,,,,,,,,,,SUPERNOVA TYPE I
SN 2009id,II,,,E282-G32,,S0/a,,72,142,,,15.47,1.12,SUPERNOVA TYPE II
SN 2012bc,Ia,,,A105814-4634,,,,,,,,,,SUPERNOVA TYPE I
SN 2014at,Ia,,,NGC7119B,,Sc,5,63,22,,,14.09,0.77,SUPERNOVA TYPE I
SN 1997du,II,,,E241-G22,,SBbc,4,65,69,,,14.23,1.1,SUPERNOVA TYPE II
SN 1992K,Ia pec,,,E269-G57,,SBab,1.9,44,54,,,12.46,1.52,SUPERNOVA TYPE I
SN 1992ay,IIn,,,A043019-4624,,,,,,,,,,SUPERNOVA TYPE II
SN 1991ah,IIn,,,A221009-4619,G,,,,,,,,,SUPERNOVA TYPE II
SN 1985D,,,,E264-G32,G,Sa,1.3,42,,,,14.66,1.11,SUPERNOVA
SN 1989Y,,,,E287-G04,,SBb,3.1,81,171,,,14.08,1.21,SUPERNOVA
SN 2012eb,Ib/c,0.398,,A234138-4611,,,,,,,,,,SUPERNOVA TYPE I
SN 1982I,,,,E285-G10,G,Sc,5,33,,,,16.66,0.84,SUPERNOVA
SN 2009el,II,,,E269-G74,,S,,,,,,,,SUPERNOVA TYPE II
SN 2010hd,IIn:,,,E290-G01,,,,24,55,,,14.67,0.8,SUPERNOVA TYPE II
SN 1978G,IIn,,,IC5201,G,SBc,6.1,61,33,,,11.35,1.91,SUPERNOVA TYPE II
SN 1983X,,,,E270-G05,G,SBb,2.9,65,132,,,14.28,1.24,SUPERNOVA
SN 2008O,Ia,,,E256-G11,,S0:,-2,63,142,,,14,1.29,SUPERNOVA TYPE I
SN 2014P,IIn,,,E264-G49,,SB0/a,-1.1,59,162,,,14.5,1.1,SUPERNOVA TYPE II
SN 2010im,Ia,,,A201131-4541,,,,,,,,,,SUPERNOVA TYPE I
SN 2002ge,Ia,,,NGC7400,,Sbc,4,78,2,,,13.8,1.42,SUPERNOVA TYPE I
SN 2008et,II,,,E283-G04,,S0/a,-0.1,71,154,,,14.95,1.17,SUPERNOVA TYPE II
SN 2011gx,II P,,,E252-G10,,Sab,2.2,37,173,,,14.31,1.2,SUPERNOVA TYPE II
SN 1993T,Ia,,,A231054-4458,,,,,,,,,,SUPERNOVA TYPE I
SN 1997dh,Ic,,,A234517-4456,,,,,,,,,,SUPERNOVA TYPE I
SN 2005dc,Ia,,,NGC7107,,SBm,8.5,42,126,,,13.3,1.3,SUPERNOVA TYPE I
SN 1992bl,Ia,,,E291-G11,,SBa,1,48,108,,,15.21,0.86,SUPERNOVA TYPE I
SN 2014df,Ib,,Y,NGC1448,,Sc,5.9,79,41,,,11.37,1.89,SUPERNOVA TYPE I
SN 2008fw,Ia,,Y,NGC3261,,SBb,3,41,85,,,12.16,1.57,SUPERNOVA TYPE I
SN 1997Z,II,,Y,NGC3261,,SBb,3,41,85,,,12.16,1.57,SUPERNOVA TYPE II
SN 1992ar,Ic,0.145,,A231728-4438,,,,,,,,,,SUPERNOVA TYPE I
SN 1983S,II,,Y,NGC1448,G,Sc,5.9,79,41,,,11.37,1.89,SUPERNOVA TYPE II
SN 2001el,Ia,,Y,NGC1448,,Sc,5.9,79,41,,,11.37,1.89,SUPERNOVA TYPE I
SN 1992as,II,,,A210354-4438,G,,,,,,,,,SUPERNOVA TYPE II
SN 2003hn,II P,,Y,NGC1448,,Sc,5.9,79,41,,,11.37,1.89,SUPERNOVA TYPE II
SN 1998dc,,,,A222016-4433,,,,,,,,,,SUPERNOVA
SN 2014ar,Ic,,,E266-G15,,Sbc,4,56,140,,,13,1.25,SUPERNOVA TYPE I
SN 1997dr,,,,A031849-4428,,,,,,,,,,SUPERNOVA
SN 2009fj,Ia,,,E267-G16,,Sa:,1,17,,,,14.23,1,SUPERNOVA TYPE I
SN 1978D,I,,,A230636-4427,G,,,,,,,,,SUPERNOVA TYPE I
SN 2014N,II P,,,E246-G22,,SBc,5,55,135,,,14.77,1.04,SUPERNOVA TYPE II
SN 2008ff,Ia,,,E284-G32,,SB0/a:,0,0,,,,13.7,1.08,SUPERNOVA TYPE I
SN 2013aa,Ia,,,NGC5643,,Sc,5,29,88,,,10.74,1.66,SUPERNOVA TYPE I
SN 2012ft,II,,,A203133-4409,,,,,,:,,,,SUPERNOVA TYPE II
SN 1976L,I,,,NGC1411,G,E/S0,-2.9,,6,,,12.16,1.37,SUPERNOVA TYPE I
SN 1996am,Ia,,,A214607-4400,,,,,,,,,,SUPERNOVA TYPE I
SN 1959G,,,,A201040-4356,,,,,,,p,15.6,,SUPERNOVA
SN 2001db,II,,,NGC3256,,Pec,99,56,100,,,12.15,1.58,SUPERNOVA TYPE II
SN 2015av,Ic,,,E285-G20,,Sbc,3.9,65,88,,,14.7,1.13,SUPERNOVA TYPE I
SN 1981C,,,,NGC5090,G,E,-5,,,,,12.59,1.4,SUPERNOVA
SN 1958F,,,,NGC5082,G,S0,-1.8,61,23,,,13.69,1.21,SUPERNOVA
SN 1996ag,?,0.14,,A214650-4341,,,,,,,,,,SUPERNOVA
SN 2012cl,II P,,,E263-G23,,S0/a,0.2,75,79,,,13.85,1.34,SUPERNOVA TYPE II
SN 2012dj,Ib/c,,,NGC7531,,Sbc,4,66,15,,,12.04,1.65,SUPERNOVA TYPE I
SN 2014bz,Ia,,,PGC0547157,,,,51,166,,,16.5,0.73,SUPERNOVA TYPE I
SN 2010gh,II P,,Y,IC4523,,Sc,5,44,,,,13.66,1.29,SUPERNOVA TYPE II
SN 2011dg,II P,,Y,IC4523,,Sc,5,44,,,,13.66,1.29,SUPERNOVA TYPE II
SN 2010iv,Ia,,,A040352-4325,,,,,,:,,,,SUPERNOVA TYPE I
SN 1996L,IIn,,,E266-G10,,S:,1.6,37,125,,,15.41,0.91,SUPERNOVA TYPE II
SN 2009G,II P,,,IC4444,,Sbc:,4,34,78,,,12,1.24,SUPERNOVA TYPE II
SN 1995Q,II,,,A201629-4324,,,,,,,,,,SUPERNOVA TYPE II
SN 2011hs,IIb,,,IC5267,,S0:,-2,42,140,,,11.43,1.72,SUPERNOVA TYPE II
SN 2007it,II,,,NGC5530,,Sbc,4,62,127,,,11.83,1.62,SUPERNOVA TYPE II
SN 2008ig,Ia,,,E269-G20,,Pec,99,55,88,,,14.57,1.24,SUPERNOVA TYPE I
SN 2011hp,Ic,,Y,NGC4219,,Sbc,4,73,36,,,12.71,1.63,SUPERNOVA TYPE I
SN 2012hv,II P,,,NGC4681,,Sab,2,29,171,,,13.44,1.13,SUPERNOVA TYPE II
SN 2011am,Ib,,Y,NGC4219,,Sbc,4,73,36,,,12.71,1.63,SUPERNOVA TYPE I
SN 1978I,,,,A214130-4311,G,E:,,,,,,22.2,,SUPERNOVA
SN 1986G,Ia pec,,,NGC5128,,S0,-2.2,50,35,,,7.63,2.44,SUPERNOVA TYPE I
SN 2009ev,Ia,,,NGC5026,,SBa,0.7,51,52,,,12.54,1.51,SUPERNOVA TYPE I
SN 1993Q,Ia,,,A203546-4247,,,,,,,,,,SUPERNOVA TYPE I
SN 2011dr,II P,,,M-07-41-08,,Sc,4.5,62,130,,,14.1,1.25,SUPERNOVA TYPE II
SN 2014di,II,,Y,E244-G31,,Sc,5,34,87,,,13.65,1.2,SUPERNOVA TYPE II
SN 2010cm,,,Y,E244-G31,,Sc,5,34,87,,,13.65,1.2,SUPERNOVA
SN 1996E,Ia,0.43,,A101020-1233,,,,,,,,,,SUPERNOVA TYPE I
SN 2005me,II,,Y,E244-G31,,Sc,5,34,87,,,13.65,1.2,SUPERNOVA TYPE II
SN 2005Q,II,,Y,E244-G31,,Sc,5,34,87,,,13.65,1.2,SUPERNOVA TYPE II
SN 1984I,Ib,,,E323-G99,G,SBcd,6.9,25,,,,13.37,1.32,SUPERNOVA TYPE I
SN 2011gm,Ia,,,NGC 644,,SBbc:,4.5,62,155,,,14.63,1.11,SUPERNOVA TYPE I
SN 1991ba,II,,,E244-IG32,,S:,5,71,9,,,15.05,0.94,SUPERNOVA TYPE II
SN 1992af,II P,,,E340-G38,G,Sc,5,36,,,,15.03,0.96,SUPERNOVA TYPE II
SN 2012fy,II P,,,A193715-4218,,,,,,:,,,,SUPERNOVA TYPE II
SN 2014cr,Ia pec,,,NGC6806,,SBc,5,51,24,,,13.68,1.2,SUPERNOVA TYPE I
SN 1991be,,,,A213314-4212,,,,,,,,,,SUPERNOVA
SN 2005my,II,,,E302-G27,,S?,,69,25,,,15.23,1.12,SUPERNOVA TYPE II
SN 1980J,,,,A231224-4150,G,,,,,,,,,SUPERNOVA
SN 2012ca,IIn,,,E336-G09,,SBc,5.5,58,97,,,14.64,1.08,SUPERNOVA TYPE II
SN 1991ax,II,,,A030512-4146,,,,,,,,,,SUPERNOVA TYPE II
SN 2011bo,Ic,,,E337-G06,,Sbc:,4.2,62,29,,,13.96,1.17,SUPERNOVA TYPE I
SN 2000cl,IIn,,,NGC3318,,Sb,3,58,78,,,12.19,1.38,SUPERNOVA TYPE II
SN 2007ft,Ia,,,NGC4677,,SB0:,-1.3,65,167,,,13.91,1.23,SUPERNOVA TYPE I
SN 1998el,,,,A032101-4133,,,,,,,,,,SUPERNOVA
SN 1988ai,,,Y,E293-G34,,SBcd pec,6.1,72,20,,,13.7,1.5,SUPERNOVA
SN 2009mk,IIb,,Y,E293-G34,,SBcd pec,6.1,72,20,,,13.7,1.5,SUPERNOVA TYPE II
SN 1982M,,,,A000648-4125,G,,,,,,,,,SUPERNOVA
SN 2014cz,Ia,,,E294-G21,,Sb,3,69,176,,,14.25,1.2,SUPERNOVA TYPE I
SN 2013F,Ib/c,,,IC5325,,Sbc,4,24,,,,11.83,1.44,SUPERNOVA TYPE I
SN 1997dk,Ia,,Y,A234338-4119,,,,,,,,,,SUPERNOVA TYPE I
SN 1997dl,Ia,,Y,A234338-4119,,,,,,,,,,SUPERNOVA TYPE I
SN 2010jt,,,,A234339-4119,,,,,,,,,,SUPERNOVA
SN 1997dm,II P:,,,E294-G17,,Sc:,5,85,104,,,15.58,1.29,SUPERNOVA TYPE II
SN 1998dz,Ia,,,A032058-4105,,,,,,,,,,SUPERNOVA TYPE I
SN 2001ig,IIb,,,NGC7424,,Scd,6,32,101,,,10.96,1.98,SUPERNOVA TYPE II
SN 2008cn,II,,,NGC4603,,Sc:,5,44,27,,,12.46,1.53,SUPERNOVA TYPE II
SN 2009ca,Ic,,,A212622-4051,,,,,,,,,,SUPERNOVA TYPE I
SN 1990I,Ib,,,NGC4650A,,S0/a,0,70,158,,,13.91,1.22,SUPERNOVA TYPE I
SN 2001jx,,,,NGC4622,,Sa pec,1.3,24,177,,,13.67,1.24,SUPERNOVA
SN 1982H,,,,A225900-4037,G,,,,,,,,,SUPERNOVA
SN 2009la,Ia,,,NGC1572,,SBa,1,60,160,,,13.26,1.39,SUPERNOVA TYPE I
SN 1997dj,,,,A011440-4035,,,,,,,,,,SUPERNOVA
SN 2001ge,Ia,0.22,,A203114-4035,,,,,,,,,,SUPERNOVA TYPE I
SN 2013az,Ia,,,E306-G16,,Sa,1,52,147,,,14.93,0.99,SUPERNOVA TYPE I
SN 2004dm,Ib,0.225,,A224321-4019,,,,,,,,,,SUPERNOVA TYPE I
SN 1993S,II,,,A225218-4018,G,,,,,,,,,SUPERNOVA TYPE II
SN 2008hw,Ic,0.53,,A223950-4008,,,,,,,,,,SUPERNOVA TYPE I
SN 1990ab,Ia,,,A215403-4004,,,,,,,,,,SUPERNOVA TYPE I
SN 2009bb,Ic,,,NGC3278,,Sc,5,45,62,,,13.09,1.12,SUPERNOVA TYPE I
SN 2009hg,,,,NGC4767B,,SBcd:,5.7,44,99,,,13.87,1.13,SUPERNOVA
SN 2003lw,Ic:,0.105,,A080230-3951,,,,,,,,,,SUPERNOVA TYPE I
SN 2010ev,Ia,,,NGC3244,,Scd,6,42,170,,,12.89,1.31,SUPERNOVA TYPE I
SN 2014ba,Ia pec,,,NGC7410,,SBa,1,72,45,,,11.24,1.72,SUPERNOVA TYPE I
SN 2001cz,Ia,,,NGC4679,,SBc pec:,4.7,67,4,,,14.21,1.38,SUPERNOVA TYPE I
SN 1992bc,Ia,,,E300-G09,,Sc,5,74,44,,,15.67,0.99,SUPERNOVA TYPE I
SN 1998ei,,,,A233203-3933,,S,,,,,,,,SUPERNOVA
SN 1999Y,,,,A033655-3933,,,,,,,,,,SUPERNOVA
SN 1998db,,,,A225554-3926,,,,,,,,,,SUPERNOVA
SN 1998da,,,,A002713-3925,,,,,,,,,,SUPERNOVA
SN 2013fe,Ia,,,A030353-3924,,,,,,,,,,SUPERNOVA TYPE I
SN 2010hc,IIb,,,E339-G06,,SBc,4.7,56,25,,,14.43,1.17,SUPERNOVA TYPE II
SN 2012hc,II,,,NGC 986A,,IBm:,9.7,66,72,,,14.64,1.25,SUPERNOVA TYPE II
SN 1982U,,,,E308-G16,G,SBc,4.9,34,,,,14.24,1.15,SUPERNOVA
SN 2005bq,Ic,,,IC4367,,Sc,4.6,29,77,,,13.23,1.25,SUPERNOVA TYPE I
SN 2012gk,II P,,,E305-G21,,E:,-0.5,,49,,,14.58,1.08,SUPERNOVA TYPE II
SN 1983A,,,Y,E323-G25,,SBbc,4.2,63,98,,,13.38,1.31,SUPERNOVA
SN 2006co,II,,Y,E323-G25,,SBbc,4.2,63,98,,,13.38,1.31,SUPERNOVA TYPE II
SN 2008ib,,,Y,E323-G25,,SBbc,4.2,63,98,,,13.38,1.31,SUPERNOVA
SN 1994ag,,,,A035330-3900,,SB,,,,,,,,SUPERNOVA
SN 2014bt,Ib/c,,,IC5128,,SB0,-1.3,55,135,,,14.31,1.05,SUPERNOVA TYPE I
SN 1998ej,,,,A234100-3856,,S,,,,,,,,SUPERNOVA
SN 1997fc,Ia pec:,,,A045958-3855,,,,,,,,,,SUPERNOVA TYPE I
SN 2008dp,,,,E320-G26,,Sb,3,68,163,,,12.9,1.38,SUPERNOVA
SN 2010kt,Ia,,,A050039-3840,,,,,,,,,,SUPERNOVA TYPE I
SN 2001dh,II,,,M-06-44-26,,Sd,7,84,98,,,14.62,1.35,SUPERNOVA TYPE II
SN 2012he,Ia,,,M-06-12-02,,S0/a,-1,63,149,,,14.71,1.19,SUPERNOVA TYPE I
SN 1997fb,Ia,,,A050114-3838,,S,,,,,,,,SUPERNOVA TYPE I
SN 2006bn,Ia,,,IC4926,,E,-3.6,36,54,,,14.03,1.08,SUPERNOVA TYPE I
SN 2011ii,Ib,,,E310-G06,,Sab,2,37,130,,,15.15,1.06,SUPERNOVA TYPE I
SN 2008jb,II,,,E302-G14,,IBm,10,27,114,,,15.02,1.23,SUPERNOVA TYPE II
SN 2012ba,Ic,,,E328-G46,,SBc,5.8,53,101,,,,1.32,SUPERNOVA TYPE I
SN 2010W,,,,E320-G35,,Sc pec:,4.9,46,7,,,13.58,1.34,SUPERNOVA
SN 2012gw,Ia,,,E316-G38,,S0/a,-1,39,81,,,14.12,1.13,SUPERNOVA TYPE I
SN 2008bq,Ia,,,E308-G25,,Sb,2.7,73,75,,,14.78,1.15,SUPERNOVA TYPE I
SN 2011bb,Ia,,,A113527-3800,,,,,,,,,,SUPERNOVA TYPE I
SN 1998ek,,,,A063630-3758,,,,,,,,,,SUPERNOVA
SN 1982L,II:,,,NGC7713,G,SBcd,6.9,67,168,,,11.48,1.65,SUPERNOVA TYPE II
SN 2007iw,,,Y,E325-G43,,Sc pec:,5.1,37,115,,,14.49,1.19,SUPERNOVA
SN 2013M,Ia,,Y,E325-G43,,Sc pec:,5.1,37,115,,,14.49,1.19,SUPERNOVA TYPE I
SN 2007gj,,,,E298-G28,,Sbc,4,63,23,,,13.78,1.44,SUPERNOVA
SN 1984H,,,,E308-G05,G,S0/a,-0.9,72,9,,,15.14,1,SUPERNOVA
SN 1983Q,,,,E294-G02,G,SBb,3,78,166,,,15.32,1.09,SUPERNOVA
SN 2010da,?,,,NGC 300,,Sd,7,45,111,,,8.72,2.29,SUPERNOVA
SN 2012J,Ib/c,,,E386-G39,,SBc,5,51,15,,,15.05,1.18,SUPERNOVA TYPE I
SN 2008fl,Ia,,,NGC6805,,E1,-5,,163,,,14.3,1.04,SUPERNOVA TYPE I
SN 2010dv,,,,NGC3903,,Sc pec:,4.7,27,133,,,13.53,1.05,SUPERNOVA
SN 2004fb,II,,,E340-G07,,S?,,27,34,,,14.02,1.07,SUPERNOVA TYPE II
SN 1993af,Ia,,,NGC1808,,SBa,1.2,60,133,,,10.75,1.86,SUPERNOVA TYPE I
SN 2014dw,II,,,NGC3568,,SBc,5,64,6,,,12.92,1.43,SUPERNOVA TYPE II
SN 1992aq,Ia,0.1,,A230434-3720,,Sa:,,,,,,,,SUPERNOVA TYPE I
SN 2013hf,II,,,E365-G16,,SBab,2.2,66,148,,,15.09,1.13,SUPERNOVA TYPE II
SN 2004ee,Ia,,,E298-G07,,S?,,34,0,,,14.82,1.07,SUPERNOVA TYPE I
SN 2011gt,Ia,,,IC4913,,S0,-2.5,49,130,,,13.98,1.16,SUPERNOVA TYPE I
SN 2012at,Ic,,,M-06-11-07,,SBb,1.1,68,105,,,15.04,1.25,SUPERNOVA TYPE I
SN 1992bs,Ia,,,A032927-3716,,SBb,,,,,,,,SUPERNOVA TYPE I
SN 2004cz,II P,,,E407-G09,,SBd:,7,68,30,,,14.45,1.29,SUPERNOVA TYPE II
SN 2006mr,Ia,,Y,NGC1316,,S0,-1.9,56,50,,,9.37,2.05,SUPERNOVA TYPE I
SN 1980N,Ia,,Y,NGC1316,G,S0,-1.9,56,50,,,9.37,2.05,SUPERNOVA TYPE I
SN 1981D,Ia*,,Y,NGC1316,G,S0,-1.9,56,50,,,9.37,2.05,SUPERNOVA TYPE I
SN 2006dd,Ia,,Y,NGC1316,,S0,-1.9,56,50,,,9.37,2.05,SUPERNOVA TYPE I
SN 1965J,,,,NGC1310,,SBc,5.1,40,95,,,12.57,1.28,SUPERNOVA
SN 1982T,,,,A064030-3703,G,,,,,,,,,SUPERNOVA
SN 1983Z,,,,NGC7418,G,SBc,5.8,46,139,,,11.72,1.57,SUPERNOVA
SN 1992at,Ia,,,A212709-3659,,SB,,,,,,,,SUPERNOVA TYPE I
SN 2010gu,,,,A221923-3658,,,,,,,,,,SUPERNOVA
SN 2007X,II,,,E385-G32,,Sc:,4.8,54,128,,,13.38,1.34,SUPERNOVA TYPE II
SN 2012Q,Ic,,,E366-G18,,Sb,2.8,77,49,,,15.99,1.06,SUPERNOVA TYPE I
SN 1999ex,Ib,,Y,IC5179,,Sbc,4,61,57,,,12.38,1.37,SUPERNOVA TYPE I
SN 1999ee,Ia,,Y,IC5179,,Sbc,4,61,57,,,12.38,1.37,SUPERNOVA TYPE I
SN 2007oc,II P,,Y,NGC7418A,,Scd,7,60,83,,,13.85,1.54,SUPERNOVA TYPE II
SN 1983M,,,Y,NGC7418A,,Scd,7,60,83,,,13.85,1.54,SUPERNOVA
SN 2006av,,,,E356-G22,,SBc,5,51,152,,,13.12,1.32,SUPERNOVA
SN 1980M,,,,A063857-3641,G,,,,,,,,,SUPERNOVA
SN 2012bb,II P,,,M-06-27-15,,SBc:,5,69,76,,,14.44,1.21,SUPERNOVA TYPE II
SN 2011jl,Ic,,,NGC3354,,Sc,5.2,36,169,,,13.72,0.91,SUPERNOVA TYPE I
SN 2001gi,Ia,0.2,,A042807-3621,,,,,,,,,,SUPERNOVA TYPE I
SN 2004ae,II,0.48,,A042817-3618,,,,,,,,,,SUPERNOVA TYPE II
SN 1969A,,,,NGC1369,G,S0/a,0.1,28,12,,,13.64,1.2,SUPERNOVA
SN 2012R,II P,,,E385-G12,,SBc,5,52,138,,,14.47,1.12,SUPERNOVA TYPE II
SN 1983V,Ic,,Y,NGC1365,,SBb,3.2,58,32,,,10.35,2.04,SUPERNOVA TYPE I
SN 2001du,II P,,Y,NGC1365,,SBb,3.2,58,32,,,10.35,2.04,SUPERNOVA TYPE II
SN 1957C,,,Y,NGC1365,G,SBb,3.2,58,32,,,10.35,2.04,SUPERNOVA
SN 2012fr,Ia,,Y,NGC1365,,SBb,3.2,58,32,,,10.35,2.04,SUPERNOVA TYPE I
SN 2009dt,Ic,,,IC5169,,S0/a,-1.2,65,22,,,13.8,1.4,SUPERNOVA TYPE I
SN 2015ao,Ia pec,,,E354-G03,,E/S0,-2.9,47,171,,,14.31,1.21,SUPERNOVA TYPE I
SN 1993L,Ia,,,IC5270,,SBc,5.8,85,103,,,12.91,1.51,SUPERNOVA TYPE I
SN 1999ao,Ia,,,A062726-3550,,,,,,,,,,SUPERNOVA TYPE I
SN 1982G,,,,A132130-3548,G,,,,,,,,,SUPERNOVA
SN 1998O,,,,A133934-3546,,,,,,,,,,SUPERNOVA
SN 2002bq,,,,M-06-21-10,,Sc,5,21,93,,,13.02,1.46,SUPERNOVA
SN 2010hx,Ia,,,NGC3258,,E1,-5,,75,,,12.49,1.46,SUPERNOVA TYPE I
SN 2011iv,Ia,,Y,NGC1404,,E1,-5,,163,,,10.97,1.52,SUPERNOVA TYPE I
SN 2006th,II,0.14,,A232900-0854,,,,,,,,,,SUPERNOVA TYPE II
SN 2007on,Ia,,Y,NGC1404,,E1,-5,,163,,,10.97,1.52,SUPERNOVA TYPE I
SN 1981I,,,,E356-G20,G,Sab,2,52,40,,,14.51,1.14,SUPERNOVA
SN 2009nb,II P,,,A102804-3530,,,,,,,,,,SUPERNOVA TYPE II
SN 1993ag,Ia,,,A100335-3527,,E/S0,,,,,,,,SUPERNOVA TYPE I
SN 1998P,,,,A133717-3527,,,,,,,,,,SUPERNOVA
SN 1996S,II,0.11,,A112511-3526,,,,,,,,,,SUPERNOVA TYPE II
SN 2009kl,II P,,,IC2548,,SBb,2.8,27,65,,,13.97,1.29,SUPERNOVA TYPE II
SN 2008ik,Ic,,,A033609-3513,,,,,,,,,,SUPERNOVA TYPE I
SN 1992aj,II,,,A234748-3511,G,S,,,,,,,,SUPERNOVA TYPE II
SN 1998cw,Ia,,,A225619-3509,,,,,,,,,,SUPERNOVA TYPE I
SN 1970N,,,,NGC 365,G,SBbc,4.1,54,5,,,14.33,0.99,SUPERNOVA
SN 1992A,Ia,,,NGC1380,,S0,-1.9,61,7,,,10.87,1.68,SUPERNOVA TYPE I
SN 2010bt,IIn,,,NGC7130,,Sa pec,1,24,,,,12.93,1.18,SUPERNOVA TYPE II
SN 1982Q,,,,A023212-3449,G,,,,,,,,,SUPERNOVA
SN 2011fo,II,,,E400-G33,,Sb,3.4,72,34,,,14.9,1.08,SUPERNOVA TYPE II
SN 2014cc,Ia,,,NGC2255,,Sc:,4.5,61,152,,,14.13,1.18,SUPERNOVA TYPE I
SN 2008il,II,,,E355-G04,,SBb,3,46,128,,,14.71,1.11,SUPERNOVA TYPE II
SN 1992bq,,,,A101654-3445,G,S,,,,,,,,SUPERNOVA
SN 2013du,II P,,,M-06-04-23,,SBab pec,2.2,39,,,,14.07,1.19,SUPERNOVA TYPE II
SN 2004eq,Ia,,,E404-G12,,Sc:,4.8,37,140,,,12.97,1.36,SUPERNOVA TYPE I
SN 2010ma,Ic,0.55,,A004855-3433,,,,,,,,,,SUPERNOVA TYPE I
SN 2010ac,Ic,,,IC4352,,Sab:,2,66,88,,,13.56,1.25,SUPERNOVA TYPE I
SN 1993B,Ia,,,A103451-3426,,SBb,,,,,,,,SUPERNOVA TYPE I
SN 2013fd,II P,,,E353-G14,,Sab:,2,77,164,,,14.4,1.23,SUPERNOVA TYPE II
SN 2011hu,Ia pec,,,E365-G29,,S0,-1.7,58,140,,,14.81,1.01,SUPERNOVA TYPE I
SN 2013E,Ia,,,IC2532,,SBa,1.1,36,38,,,13.96,1.2,SUPERNOVA TYPE I
SN 2010F,II P,,Y,NGC3120,,Sbc:,3.7,45,1,,,13.52,1.25,SUPERNOVA TYPE II
SN 1992bo,Ia,,,E352-G57,,S0/a,-1.5,90,12,,,15.02,1.13,SUPERNOVA TYPE I
SN 1999ca,II,,Y,NGC3120,,Sbc:,3.7,45,1,,,13.52,1.25,SUPERNOVA TYPE II
SN 1997cv,?,,,E383-G31,,Sbc:,4.5,61,83,,,14.4,1.08,SUPERNOVA
SN 2004ip,II?,,,IRAS18293-3413,,S?,,50,120,,,15.63,0.91,SUPERNOVA TYPE II
SN 2000ca,Ia,,,E383-G32,,Sbc:,4.5,46,108,,,15.17,0.94,SUPERNOVA TYPE I
SN 2014X,Ia,,,E379-G31,,Sab,1.5,29,157,,,14.38,1.05,SUPERNOVA TYPE I
SN 2006ds,II,,,PGC0070011,,Sa,1.2,36,39,,,15.93,0.75,SUPERNOVA TYPE II
SN 1994ah,Ia,,,E356-G19,,Sa,1,90,74,,,15.55,1.06,SUPERNOVA TYPE I
SN 2011jo,II P,,,NGC  10,,Sbc,3.6,60,25,,,13.28,1.38,SUPERNOVA TYPE II
SN 1997cz,?,,,A133709-3347,,,,,,,,,,SUPERNOVA
SN 2011gz,Ia,,,A003746-3339,,,,,,,,,,SUPERNOVA TYPE I
SN 1959A,,,,NGC1350,G,SBab,2,63,,,,11.15,1.75,SUPERNOVA
SN 2011bj,II P,,,A205224-3335,,,,,,,,,,SUPERNOVA TYPE II
SN 2012dw,Ia,,,A212235-3333,,,,,,:,,,,SUPERNOVA TYPE I
SN 1980G,,,,A133406-3330,G,,,,,,,,,SUPERNOVA
SN 2009fr,II P,,,NGC 597,,SBbc,4.1,24,,,,14.02,1.15,SUPERNOVA TYPE II
SN 1979F,,,,A023948-3326,G,,,,,,,,,SUPERNOVA
SN 2004cy,,,,E403-G09,,Sa pec,1,73,99,,,15.3,1.15,SUPERNOVA
SN 2010lv,Ia,,,A131942-3315,,,,,,,,,,SUPERNOVA TYPE I
SN 2009gj,IIb,,,NGC 134,,Sbc,4,76,50,,,11.23,1.93,SUPERNOVA TYPE II
SN 1993O,Ia,,,A133107-3312,,E5/S01,,,,,,,,SUPERNOVA TYPE I
SN 1998E,IIn,,Y,NGC5161,,Sc:,5,67,77,,,12.06,1.76,SUPERNOVA TYPE II
SN 1974B,,,Y,NGC5161,G,Sc:,5,67,77,,,12.06,1.76,SUPERNOVA
SN 2008br,II,,Y,IC2522,,SBc pec,5.3,44,0,,,13.06,1.44,SUPERNOVA TYPE II
SN 2008co,,,Y,IC2522,,SBc pec,5.3,44,0,,,13.06,1.44,SUPERNOVA
SN 2009mu,IIb,,,E374-G03,,Scd:,5.5,70,154,,,14.09,1.34,SUPERNOVA TYPE II
SN 1990Y,Ia*,,Y,A033723-3302,,E,,,,,,,,SUPERNOVA TYPE I
SN 2010jd,Ia,,Y,A033723-3302,,E,,,,,,,,SUPERNOVA TYPE I
SN 1998dd,,,,A134733-3302,,S,,,,,,,,SUPERNOVA
SN 2012bu,II P,,,NGC3449,,Sab:,2,73,148,,,12.98,1.52,SUPERNOVA TYPE II
SN 1981A,II,,,NGC1532,G,SBb,3.1,82,33,,,10.63,2.07,SUPERNOVA TYPE II
SN 2008ii,Ia,,,E381-G50,,SBbc pec,4.5,21,15,,,14.33,1.09,SUPERNOVA TYPE I
SN 1996bp,,,,M-06-04-53,,S0:,-3,0,59,,,15.33,1.19,SUPERNOVA
SN 2011ah,Ia,,,E364-G12,,Sbc,3.8,41,119,,,14.06,1.16,SUPERNOVA TYPE I
SN 2010jr,?,,,E362-G18,,SB0/a pec,-0.3,50,160,,,13.87,1.08,SUPERNOVA
SN 2012hd,Ia,,,IC1657,,SBbc:,3.7,76,170,,,13.2,1.37,SUPERNOVA TYPE I
SN 1971F,,,,E446-G33,G,Sb,3,67,48,,,15.85,0.95,SUPERNOVA
SN 2006dr,Ia,,,NGC1288,,Sc,4.6,34,178,,,12.78,1.36,SUPERNOVA TYPE I
SN 2008bk,II P,,,NGC7793,,Sd,7,47,98,,,9.63,1.97,SUPERNOVA TYPE II
SN 1980H,,,,A134754-3232,G,,,,,,,,,SUPERNOVA
SN 2008ef,,,,NGC3241,,Sab:,2,46,123,,,13.06,1.35,SUPERNOVA
SN 1990ak,,,,PGC0097745,,E,,,141,,,15.72,0.92,SUPERNOVA
SN 2001ba,Ia,,,M-05-28-01,,Sbc,3.7,42,105,,,14.09,1.12,SUPERNOVA TYPE I
SN 1992ai,Ia,,,A012908-3216,,S,,,,,,,,SUPERNOVA TYPE I
SN 2012dl,Ia,,,E459-G06,,Sbc:,4.1,74,41,,,13.83,1.21,SUPERNOVA TYPE I
SN 2012ag,Ia,,,M-05-32-65,,IB,10,,114,,,14.86,0.92,SUPERNOVA TYPE I
SN 2009dl,Ia,0.1429,,A120807-3159,,,,,,,,,,SUPERNOVA TYPE I
SN 2011ei,IIb,,,NGC6925,,Sbc,4,74,5,,,12.07,1.65,SUPERNOVA TYPE II
SN 1992T,II,,,A134300-3153,G,S,,,,,,,,SUPERNOVA TYPE II
SN 2009it,Ia,,,NGC6841,,E:,-4.3,,162,,,13.78,1.17,SUPERNOVA TYPE I
SN 2006di,Ia,,,NGC 439,,E-SB0,-3.2,51,156,,,12.89,1.39,SUPERNOVA TYPE I
SN 1982J,,,,A133942-3143,G,S,,,,,,,,SUPERNOVA
SN 1972E,Ia,,Y,NGC5253,,Sd,8,90,45,,,10.76,1.68,SUPERNOVA TYPE I
SN 1895B,Ia,,Y,NGC5253,,Sd,8,90,45,,,10.76,1.68,SUPERNOVA TYPE I
SN 2003bj,II,,,IC4219,,SBb pec,3,27,107,,,13.6,1.03,SUPERNOVA TYPE II
SN 1998Q,,,,A133246-3137,,,,,,,,,,SUPERNOVA
SN 1995C,Ia,,,A120402-3136,,,,,,,,,,SUPERNOVA TYPE I
SN 2004ej,II,,Y,NGC3095,,Sc,5,55,126,,,12.35,1.54,SUPERNOVA TYPE II
SN 2008bp,II P,,Y,NGC3095,,Sc,5,55,126,,,12.35,1.54,SUPERNOVA TYPE II
SN 2010bo,II,,,A155622-3132,,,,,,,,,,SUPERNOVA TYPE II
SN 2003bg,Ic,,,M-05-10-15,,SBc,5,42,26,,,13.92,1.22,SUPERNOVA TYPE I
SN 1998Z,Ia,,,A052458-3121,,,,,,,,,,SUPERNOVA TYPE I
SN 2004S,Ia,,,M-05-16-21,,Sc,5,65,2,,,14.2,1.12,SUPERNOVA TYPE I
SN 2003jg,Ib/c,,Y,NGC2997,,Sc,5,41,110,,,10.06,1.95,SUPERNOVA TYPE I
SN 2008eh,,,Y,NGC2997,,Sc,5,41,110,,,10.06,1.95,SUPERNOVA
SN 1998bs,,,,A132631-3109,,,,,,,,,,SUPERNOVA
SN 2012hy,Ia,,,NGC4903,,SBc,5.3,36,73,,,13.73,1.19,SUPERNOVA TYPE I
SN 2012eq,Ia,,,E412-G01,,Sbc,4.1,34,60,,,14.65,0.97,SUPERNOVA TYPE I
SN 1958D,,,,E440-G28,G,Sb,2.5,65,177,,,15.36,0.99,SUPERNOVA
SN 2010lr,Ia,,,A000234-3044,,,,,,,,,,SUPERNOVA TYPE I
SN 1997df,,,,A040913-3042,,,,,,,,,,SUPERNOVA
SN 1993H,Ia,,,E445-G66,,SBab,1.9,25,,,,14.7,1.06,SUPERNOVA TYPE I
SN 1992an,IIn,,,A133748-3041,G,S,,,,,,,,SUPERNOVA TYPE II
SN 2009as,Ia,,Y,E447-G37,,Sa,1.3,51,29,,,14.71,1.05,SUPERNOVA TYPE I
SN 2001gg,II,0.61,,A004520-2945,,,,,,,,,,SUPERNOVA TYPE II
SN 2009gb,Ia,,Y,E447-G37,,Sa,1.3,51,29,,,14.71,1.05,SUPERNOVA TYPE I
SN 1958C,,,,E443-G18,G,Sb,3,27,,,,15.14,0.96,SUPERNOVA
SN 2005al,Ia,,,NGC5304,,E pec:,-4.3,,146,,,13.44,1.17,SUPERNOVA TYPE I
SN 2012el,Ia,,,NGC5968,,Sab,2,21,,,,13.13,1.32,SUPERNOVA TYPE I
SN 2010in,,,,PGC0715978,,,,44,68,,,17.9,0.58,SUPERNOVA
SN 2004cx,II,,,NGC7755,,SBc:,4.7,41,20,,,12.56,1.58,SUPERNOVA TYPE II
SN 2010hg,Ia,,,NGC3001,,Sbc,3.9,47,6,,,12.72,1.46,SUPERNOVA TYPE I
SN 2000di,II,,,IC1637,,SBc:,4.7,41,90,,,13.46,1.23,SUPERNOVA TYPE II
SN 1988U,,0.31,,A001418-3025,G,,,,,,V,22.6,,SUPERNOVA
SN 1993P,Ic,,,A132925-3024,,,,,,,,,,SUPERNOVA TYPE I
SN 1999eu,II P pec,,Y,NGC1097,,SBb,3,47,130,,,10.23,1.97,SUPERNOVA TYPE II
SN 2013hn,Ia,,,IC4329,,S0,-3,55,63,,,12.24,1.53,SUPERNOVA TYPE I
SN 2013dm,Ia,,,E445-G56,,S0,-2.1,74,134,,,14.67,1.1,SUPERNOVA TYPE I
SN 1992bd,II,,Y,NGC1097,G,SBb,3,47,130,,,10.23,1.97,SUPERNOVA TYPE II
SN 2003ce,,,,A101210-3013,,,,,,,,,,SUPERNOVA
SN 2003B,II P,,Y,NGC1097,,SBb,3,47,130,,,10.23,1.97,SUPERNOVA TYPE II
SN 2014co,II P,,,NGC 418,,SBc,5,32,23,,,13.12,1.31,SUPERNOVA TYPE II
SN 1990S,IIn,,,M-05-29-06,,Sb,2.6,68,105,,,15.03,0.94,SUPERNOVA TYPE II
SN 2014do,II,,,E431-G02,,SBc:,5.4,42,32,,,13.12,1.5,SUPERNOVA TYPE II
SN 1995S,,,,NGC4456,,Sbc,3.9,64,150,,,14.12,1.09,SUPERNOVA
SN 1985I,I,,,PGC0049009,G,,,49,,,,16.09,0.62,SUPERNOVA TYPE I
SN 1992Z,II,,,A132854-3001,G,,,,,,,,,SUPERNOVA TYPE II
SN 2012ce,Ia,,,A111349-2955,,,,,,,,,,SUPERNOVA TYPE I
SN 2001dm,Ia,,,NGC 749,,SB0/a:,0.4,42,111,,,13.62,1.29,SUPERNOVA TYPE I
SN 1983N,Ib,,Y,NGC5236,,SBc,5.1,21,,,,7.91,2.12,SUPERNOVA TYPE I
SN 1945B,,,Y,NGC5236,G,SBc,5.1,21,,,,7.91,2.12,SUPERNOVA
SN 1950B,,,Y,NGC5236,G,SBc,5.1,21,,,,7.91,2.12,SUPERNOVA
SN 1968L,II P,,Y,NGC5236,,SBc,5.1,21,,,,7.91,2.12,SUPERNOVA TYPE II
SN 2005dg,Ic,,,E420-G03,,Sc,4.7,47,146,,,14.19,1.3,SUPERNOVA TYPE I
SN 1923A,II P:,,Y,NGC5236,,SBc,5.1,21,,,,7.91,2.12,SUPERNOVA TYPE II
SN 1957D,,,Y,NGC5236,,SBc,5.1,21,,,,7.91,2.12,SUPERNOVA
SN 2004fa,Ia,,,M-05-48-05,,,,0,,,,15.15,0.64,SUPERNOVA TYPE I
SN 2001bb,Ic,,,IC4319,,Sbc,4,70,70,,,14.41,1.18,SUPERNOVA TYPE I
SN 2004cb,Ia,,,E445-G20,,Sc,6.3,82,15,,,15.56,1.22,SUPERNOVA TYPE I
SN 1990ac,Ia,,,A035309-2944,,,,,,,,,,SUPERNOVA TYPE I
SN 2003lz,,,,E428-G13,,S?,,74,125,,,15.08,1.14,SUPERNOVA
SN 2007cj,Ia,,,IC2531,,Sc:,5.3,85,75,,,12.9,1.84,SUPERNOVA TYPE I
SN 2009au,IIn,,,E443-G21,,Scd:,6,81,162,,,14.64,1.28,SUPERNOVA TYPE II
SN 2011fh,IIn,,,NGC4806,,SBc,4.9,34,52,,,13.43,1.07,SUPERNOVA TYPE II
SN 1991bf,Ia,,,E471-G30,,S0,-2,90,152,,,15.25,1.04,SUPERNOVA TYPE I
SN 2001io,Ia,0.19,,A004553-2926,,,,,,,,,,SUPERNOVA TYPE I
SN 2007uz,Ia,,,PGC0034755,,S0/a,-0.2,52,41,,,14.31,1.05,SUPERNOVA TYPE I
SN 2007ch,II,,Y,NGC6000,,SBbc:,4,79,154,,,13.18,1.27,SUPERNOVA TYPE II
SN 2010kx,II P,,,NGC7645,,SBc,5,32,1,,,13.87,1.16,SUPERNOVA TYPE II
SN 2010as,Ib/c,,Y,NGC6000,,SBbc:,4,79,154,,,13.18,1.27,SUPERNOVA TYPE I
SN 2008fp,Ia,,,E428-G14,,S0 pec,-1.6,53,135,,,13.29,1.27,SUPERNOVA TYPE I
SN 1998ch,II,,,A132913-2917,,,,,,,,,,SUPERNOVA TYPE II
SN 1971C,,,,NGC3904,G,E,-5,,8,,,11.78,1.45,SUPERNOVA
SN 2008cq,Ia,,,A142109-2915,,,,,,,,,,SUPERNOVA TYPE I
SN 1996aj,Ia,0.11,,A132906-2914,,,,,,,,,,SUPERNOVA TYPE I
SN 1998ck,Ia,,,E434-G20,,SBa,1,81,3,,,16.27,1.07,SUPERNOVA TYPE I
SN 1983C,,,,A115412-2904,G,S,,,,,,,,SUPERNOVA
SN 1982A,,,,M-05-28-17,G,,,,,,p,16,,SUPERNOVA
SN 2014dq,II,,,E467-G51,,Scd:,6,84,100,,,14.35,1.45,SUPERNOVA TYPE II
SN 2009ip,IIn?,,,NGC7259,,Sb,3,34,49,,,13.84,1.05,SUPERNOVA TYPE II
SN 2004ev,Ia,,,E459-G13,,Sc,5.4,81,99,,,16.14,0.99,SUPERNOVA TYPE I
SN 2008hg,II P,,,IC1720,,Sbc,4,43,164,,,13.92,1.07,SUPERNOVA TYPE II
SN 2003bu,Ic,,,NGC5393,,SBa,1,42,155,,,14.87,0.96,SUPERNOVA TYPE I
SN 1997cm,?,,,A125337-2848,,,,,,,,,,SUPERNOVA
SN 2013gp,Ia,0.236,,A032655-2846,,,,,,:,,,,SUPERNOVA TYPE I
SN 1999ei,Ia,,,A013352-2841,,,,,,,,,,SUPERNOVA TYPE I
SN 2010ih,Ia,,,NGC2325,,E4,-5,,6,,,12.3,1.52,SUPERNOVA TYPE I
SN 2013go,Ia pec,,,A032744-2829,,,,,,:,,,,SUPERNOVA TYPE I
SN 1994ab,Ia,,,M-05-50-08,,Sb,3,90,17,,,15.47,1.12,SUPERNOVA TYPE I
SN 2012dn,Ia,,,E462-G16,,Scd,6,46,118,,,13.59,1.23,SUPERNOVA TYPE I
SN 2009kw,Ia,0.24,,A033823-2815,,,,,,,,,,SUPERNOVA TYPE I
SN 2000P,IIn,,,NGC4965,,Sd,6.8,39,,,,12.81,1.42,SUPERNOVA TYPE II
SN 1999gt,Ia:,0.274,,A033210-2806,,,,,,,,,,SUPERNOVA TYPE I
SN 2009ku,Ia pec,,,A032953-2805,,,,,,,,,,SUPERNOVA TYPE I
SN 2012gt,Ia,0.491,,A033308-2805,,,,,,,,,,SUPERNOVA TYPE I
SN 2011bf,Ia,,,A134903-2803,,,,,,,,,,SUPERNOVA TYPE I
SN 2013gc,IIn,,Y,E430-G20,,Sd:,7,71,110,,,,1.36,SUPERNOVA TYPE II
SN 2013ak,IIb,,Y,E430-G20,,Sd:,7,71,110,,,,1.36,SUPERNOVA TYPE II
SN 2012dh,II P,,,E443-G80,,SBm,8.5,52,148,,,14.14,1.16,SUPERNOVA TYPE II
SN 1985C,I:,,,E436-G36,G,Sb,3,90,25,,,16.11,1.14,SUPERNOVA TYPE I
SN 2003br,II,,,M-05-34-18,,Scd:,5.8,61,119,,,13.88,1.38,SUPERNOVA TYPE II
SN 1993ah,Ia,,,E471-G27,,S0,-2,90,2,,,15.52,1.06,SUPERNOVA TYPE I
SN 2003lt,,,,A033242-2755,,,,,,,,,,SUPERNOVA
SN 1962D,,,,M-05-25-12,,Sc,6,60,,,p,17.4,0.52,SUPERNOVA
SN 2003aj,Ia,1.307,,A033244-2755,,,,,,,,,,SUPERNOVA TYPE I
SN 2003lu,,,,A033236-2755,,,,,,,,,,SUPERNOVA
SN 1984C,,,,A133830-2755,G,,,,,,,,,SUPERNOVA
SN 2003ak,Ia,1.551,,A033246-2754,,,,,,,,,,SUPERNOVA TYPE I
SN 2004gi,Ia,,Y,M-05-25-32,,SBbc,3.9,34,,,,14.74,0.96,SUPERNOVA TYPE I
SN 2009ky,Ia,0.26,,A033428-2754,,,,,,,,,,SUPERNOVA TYPE I
SN 2002fz,,,,A033248-2754,,,,,,,,,,SUPERNOVA
SN 1965D,,,Y,M-05-25-32,,SBbc,3.9,34,,,,14.74,0.96,SUPERNOVA
SN 2002ga,,,,A033232-2753,,,,,,,,,,SUPERNOVA
SN 2012fa,Ia pec,0.4,,A033459-2751,,,,,,:,,,,SUPERNOVA TYPE I
SN 1978C,II,,Y,M-05-09-22,G,SBc,5.1,54,138,,,13.67,1.22,SUPERNOVA TYPE II
SN 2000ex,II,,Y,M-05-09-22,,SBc,5.1,54,138,,,13.67,1.22,SUPERNOVA TYPE II
SN 1999gu,II,0.147,,A033300-2751,,,,,,,,,,SUPERNOVA TYPE II
SN 2012fq,Ia,0.67,,A033232-2751,,,,,,,,,,SUPERNOVA TYPE I
SN 2001ip,Ia,0.54,,A033113-2750,,,,,,,,,,SUPERNOVA TYPE I
SN 2002kb,,,,A033242-2750,,,,,,,,,,SUPERNOVA
SN 2002fv,,,,A033219-2749,,,,,,,,,,SUPERNOVA
SN 2002hs,,,,A033218-2748,,,,,,,,,,SUPERNOVA
SN 2002lg,,,,A033235-2747,,,,,,,,,,SUPERNOVA
SN 1990K,II,,,NGC 150,,SBb,3.2,65,118,,,11.97,1.59,SUPERNOVA TYPE II
SN 2002fw,Ia,1.3,,A033237-2746,,,,,,,,,,SUPERNOVA TYPE I
SN 2000fc,Ia,0.42,,A005833-2746,,,,,,,,,,SUPERNOVA TYPE I
SN 1984S,,,,NGC3336,,SBc,5,36,123,,,12.94,1.29,SUPERNOVA
SN 2002hp,Ia,1.305,,A033224-2746,,,,,,,,,,SUPERNOVA TYPE I
SN 2004R,,,,A033241-2746,,,,,,,,,,SUPERNOVA
SN 2002ke,,,,A033158-2745,,,,,,,,,,SUPERNOVA
SN 2002fx,Ia,1.4,,A033206-2744,,,,,,,,,,SUPERNOVA TYPE I
SN 2003al,,,,A033205-2744,,,,,,,,,,SUPERNOVA
SN 1997cl,IIn,,,A135418-2744,,,,,,,,,,SUPERNOVA TYPE II
SN 2002kd,Ia,0.735,,A033222-2744,,,,,,,,,,SUPERNOVA TYPE I
SN 2002hq,,,,A033230-2743,,,,,,,,,,SUPERNOVA
SN 2006do,Ia,,,E470-G18,,SB0,-0.6,36,126,,,14.89,1.11,SUPERNOVA TYPE I
SN 2001gh,II,0.16,,A005703-2742,,,,,,:,,,,SUPERNOVA TYPE II
SN 2002fy,,,,A033218-2741,,,,,,,,,,SUPERNOVA
SN 2002hr,Ia,0.526,,A033222-2741,,,,,,,,,,SUPERNOVA TYPE I
SN 2002ht,,,,A033209-2741,,,,,,,,,,SUPERNOVA
SN 1999ey,IIn,,,A005803-2740,,,,,,,,,,SUPERNOVA TYPE II
SN 2002kc,Ia,0.216,,A033234-2739,,,,,,,,,,SUPERNOVA TYPE I
SN 2009lp,Ia,,,A103728-2739,,,,,,:,,,,SUPERNOVA TYPE I
SN 2010lm,Ia,,,A100357-2738,,,,,,,,,,SUPERNOVA TYPE I
SN 1977I,,,,M-05-03-26,,Sab,2,43,,,,15.33,0.88,SUPERNOVA
SN 2001fz,II P,,,NGC2280,,Scd,6,61,163,,,10.9,1.8,SUPERNOVA TYPE II
SN 2012fn,Ic,0.284,,A033528-2736,,,,,,,,,,SUPERNOVA TYPE I
SN 2011Y,Ia,,,A081258-2734,,,,,,:,,,,SUPERNOVA TYPE I
SN 2006mq,Ia,,,E494-G26,,Sb pec:,3,47,155,,,12.63,1.68,SUPERNOVA TYPE I
SN 2005dw,II,,,M-05-52-49,,Sab pec:,2,74,39,,,14.19,1.2,SUPERNOVA TYPE II
SN 2002hf,Ic,,,M-05-03-20,,Sc,4.9,21,88,,,13.51,1.23,SUPERNOVA TYPE I
SN 2012ez,Ia,0.348,,A033516-2729,,,,,,,,,,SUPERNOVA TYPE I
SN 2010jq,Ia,,,A103636-2728,,,,,,,,,,SUPERNOVA TYPE I
SN 2007rv,Ia,,,NGC 689,,Sab pec:,1.6,49,68,,,14.63,0.99,SUPERNOVA TYPE I
SN 2002hc,II L,,,NGC2559,,SBbc pec,3.9,63,6,,,11.86,1.57,SUPERNOVA TYPE II
SN 2012hn,Ic pec,,,NGC2272,,S0,-3,49,123,,,12.88,1.39,SUPERNOVA TYPE I
SN 2012gu,Ic,0.45,,A035240-2726,,,,,,,,,,SUPERNOVA TYPE I
SN 1986B,I,,,NGC5101,G,S0/a,0.1,33,,,,11.58,1.74,SUPERNOVA TYPE I
SN 2012fx,Ia pec,,,E417-G03,,Sc:,5,32,,,,13.48,1.24,SUPERNOVA TYPE I
SN 1999cz,Ic,,,NGC5078,,Sa:,1,61,148,,,12,1.6,SUPERNOVA TYPE I
SN 2008fd,Ib,,,E466-G24,,SBb,3,55,128,,,14.02,1.08,SUPERNOVA TYPE I
SN 2012gv,Ia,0.57,,A033137-2721,,,,,,:,,,,SUPERNOVA TYPE I
SN 2012gs,Ia,0.525,,A033338-2720,,,,,,,,,,SUPERNOVA TYPE I
SN 1997by,Ia,,,IC4252,,S0:,-2.7,56,135,,,14.32,1.11,SUPERNOVA TYPE I
SN 2012fo,II,0.238,,A033138-2713,,,,,,,,,,SUPERNOVA TYPE II
SN 1998ez,II,,,A035732-2712,,,,,,,,,,SUPERNOVA TYPE II
SN 2012fp,IIn,0.644,,A033243-2710,,,,,,,,,,SUPERNOVA TYPE II
SN 2007cv,,,,IC2597,,E,-4,,4,,,12.84,1.41,SUPERNOVA
SN 2007ea,Ic,,,A155346-2702,,,,,,,,,,SUPERNOVA TYPE I
SN 2010bv,Ia,,,E533-G04,,Sc:,4.8,82,151,,,14.33,1.37,SUPERNOVA TYPE I
SN 1996X,Ia,,Y,NGC5061,,E0,-5,,,,,11.28,1.55,SUPERNOVA TYPE I
SN 2005cn,Ia,,Y,NGC5061,,E0,-5,,,,,11.28,1.55,SUPERNOVA TYPE I
SN 1998bt,,,,A132541-2646,,,,,,,,,,SUPERNOVA
SN 2008V,IIb,,,NGC1591,,SBab,2,50,30,,,13.79,1.08,SUPERNOVA TYPE II
SN 2005lr,Ic:,,Y,E492-G02,,Sb pec,3.1,46,143,,,13.14,1.33,SUPERNOVA TYPE I
SN 2009ag,Ia,,Y,E492-G02,,Sb pec,3.1,46,143,,,13.14,1.33,SUPERNOVA TYPE I
SN 1992J,Ia,,,A100900-2638,,E/S0,,,,,,,,SUPERNOVA TYPE I
SN 2000fv,,,,M-04-35-11,,Sb,2.7,53,130,,,15.66,0.83,SUPERNOVA
SN 2008gr,II P,,,IC1579,,SBbc:,4.5,49,6,,,14.71,0.97,SUPERNOVA TYPE II
SN 2008cf,Ia,,,A140732-2633,,,,,,,,,,SUPERNOVA TYPE I
SN 2012bk,Ib,,,A135451-2630,,,,,,,,,,SUPERNOVA TYPE I
SN 2005mu,Ia,,,A213552-2627,,,,,,,,,,SUPERNOVA TYPE I
SN 1984G,,,,A102924-2627,G,,,,,,,,,SUPERNOVA
SN 1998ao,II,,,A100714-2623,,,,,,,,,,SUPERNOVA TYPE II
SN 1996N,Ib,,,NGC1398,,SBab,2,48,100,,,10.57,1.85,SUPERNOVA TYPE I
SN 2004Q,II,,,E507-G11,,SBbc pec,4,63,7,,,14.63,1.08,SUPERNOVA TYPE II
SN 1985E,II,,,E510-G48,G,S0/a,0,68,24,,,15.2,1.05,SUPERNOVA TYPE II
SN 1991U,Ia,,,IC4232,,Sbc,3.8,77,2,,,14.62,1.05,SUPERNOVA TYPE I
SN 2003hv,Ia,,,NGC1201,,S0:,-2,54,7,,,11.67,1.56,SUPERNOVA TYPE I
SN 2003if,Ia,,,NGC1302,,S0/a,0,17,172,,,11.6,1.59,SUPERNOVA TYPE I
SN 2000cu,Ia,,,E525-G04,,Sb,2.5,51,114,,,13.96,1,SUPERNOVA TYPE I
SN 2011kj,Ia,,,A051121-2553,,,,,,,,,,SUPERNOVA TYPE I
SN 2013eg,Ia,,,E501-G84,,S0,-2,39,155,,,14.23,1.15,SUPERNOVA TYPE I
SN 1998ce,II,,,M-04-24-19,,SBdm:,8.2,37,140,,,14.34,1.3,SUPERNOVA TYPE II
SN 2009jy,Ic,,,NGC3208,,Sbc,4.5,29,20,,,13.42,1.26,SUPERNOVA TYPE I
SN 1980O,II,,,NGC1255,G,SBbc,4.5,51,117,,,11.59,1.61,SUPERNOVA TYPE II
SN 2006T,IIb,,Y,NGC3054,,Sb,3,52,118,,,12.34,1.58,SUPERNOVA TYPE II
SN 2004de,,,Y,NGC3054,,Sb,3,52,118,,,12.34,1.58,SUPERNOVA
SN 2014cp,Ic,,,E479-G01,,SBcd:,5.5,37,16,,,14.07,1.21,SUPERNOVA TYPE I
SN 2006lu,Ia,,,A091517-2536,,,,,,,,,,SUPERNOVA TYPE I
SN 2014I,Ia,,,E487-G36,,S0,-2,47,32,,,14.47,1.14,SUPERNOVA TYPE I
SN 2001df,II,,,M-04-51-05,,Sc,5,58,136,,,15.06,0.99,SUPERNOVA TYPE II
SN 2003gj,Ia pec,,,NGC7017,,S0,-1.8,44,90,,,14.69,0.84,SUPERNOVA TYPE I
SN 2002et,Ia,,,M-04-47-10,,Sc:,5.3,68,176,,,14.73,1.17,SUPERNOVA TYPE I
SN 2002jp,Ic,,,NGC3313,,SBab,2.4,36,55,,,12.52,1.59,SUPERNOVA TYPE I
SN 2012H,Ia,,,IC 411,,S0,-2.2,44,141,,,14.13,1.07,SUPERNOVA TYPE I
SN 1940E,I,,,NGC 253,G,SBc,5.1,84,52,,,7.92,2.43,SUPERNOVA TYPE I
SN 1997cr,II,,,A210548-2513,,,,,,,,,,SUPERNOVA TYPE II
SN 2009hk,Ia,,,M-04-48-26,,,,,105,,,,,SUPERNOVA TYPE I
SN 2005hh,Ia,,,A041305-2504,,,,,,:,,,,SUPERNOVA TYPE I
SN 2005ke,Ia,,,NGC1371,,Sa,1,46,135,,,11.57,1.75,SUPERNOVA TYPE I
SN 1994X,Ia,,,A001520-2453,,,,,,,,,,SUPERNOVA TYPE I
SN 2009mw,II P,,Y,E499-G05,,Sc:,4.5,74,145,,,13.73,1.4,SUPERNOVA TYPE II
SN 2008H,II P,,Y,E499-G05,,Sc:,4.5,74,145,,,13.73,1.4,SUPERNOVA TYPE II
SN 2014eh,Ic,,Y,NGC6907,,SBbc,4,42,46,,,11.9,1.56,SUPERNOVA TYPE I
SN 2004bv,Ia,,Y,NGC6907,,SBbc,4,42,46,,,11.9,1.56,SUPERNOVA TYPE I
SN 1984V,,,Y,NGC6907,G,SBbc,4,42,46,,,11.9,1.56,SUPERNOVA
SN 2008fq,II,,Y,NGC6907,,SBbc,4,42,46,,,11.9,1.56,SUPERNOVA TYPE II
SN 2004be,II,,,E499-G34,,SBm,9,27,153,,,14.89,1.05,SUPERNOVA TYPE II
SN 2008ho,II P,,Y,NGC 922,,SBcd,6,36,172,,,12.45,1.29,SUPERNOVA TYPE II
SN 2002gw,II,,Y,NGC 922,,SBcd,6,36,172,,,12.45,1.29,SUPERNOVA TYPE II
SN 2013cg,Ia,,,NGC2891,,S0:,-3,21,,,,13.51,1.18,SUPERNOVA TYPE I
SN 2010ir,IIb,,,E491-G12,,Sc,5,77,166,,,14.81,1.28,SUPERNOVA TYPE II
SN 2007cg,Ia,,,E508-G75,,Sbc,3.9,73,173,,,16.13,0.89,SUPERNOVA TYPE I
SN 2005an,II:,,,E506-G11,,S0,-2,74,176,,,15.19,1.08,SUPERNOVA TYPE II
SN 2003ib,II,,,M-04-48-15,,Sb?,3.3,67,139,,,14.87,1.05,SUPERNOVA TYPE II
SN 1997eh,Ia,,,A054904-2429,,,,,,:,,,,SUPERNOVA TYPE I
SN 2008fu,Ia,,,E480-IG21,,Sbc,4.2,53,106,,,16.61,0.79,SUPERNOVA TYPE I
SN 2005gn,IIn,,,E488-G30,,Sc,4.5,49,39,,,14.86,1.03,SUPERNOVA TYPE II
SN 2003gi,Ia,,,IC1561,,SB?,,64,97,,,14.48,1.09,SUPERNOVA TYPE I
SN 2005di,Ia,,,M-04-52-46,,Sbc,3.9,70,142,,,14.75,1.07,SUPERNOVA TYPE I
SN 2003E,II,,,M-04-12-04,,Sbc,4.3,84,142,,,15.65,1.22,SUPERNOVA TYPE II
SN 2000dc,II,,,E527-G19,,SBbc:,4.4,52,125,,,13.45,1.16,SUPERNOVA TYPE II
SN 2010lq,Ia,,,E495-G16,,S0/a,-0.4,53,179,,,14.57,1.01,SUPERNOVA TYPE I
SN 1984T,,,,A055006-2401,G,,,,,,,,,SUPERNOVA
SN 2002av,Ia,,,E489-G07,,,,29,11,,,15.41,0.85,SUPERNOVA TYPE I
SN 2004af,Ic,,,A053803-2359,,,,,,,,,,SUPERNOVA TYPE I
SN 2007go,Ib,,,E475-G16,,SBab pec,2.2,52,57,,,14.3,0.98,SUPERNOVA TYPE I
SN 1992ag,Ia,,,E508-G67,,Sc,5,90,101,,,15.28,1.01,SUPERNOVA TYPE I
SN 2006cn,II,,,A132149-2351,,,,,,,,,,SUPERNOVA TYPE II
SN 2006is,Ia,,,A051734-2346,,,,,,,,,,SUPERNOVA TYPE I
SN 2000fp,II,0.3,,A053801-2346,,,,,,,,,,SUPERNOVA TYPE II
SN 1998A,II pec,,Y,IC2627,,SBbc,4.4,34,,,,12.63,1.42,SUPERNOVA TYPE II
SN 1994R,II,,Y,IC2627,G,SBbc,4.4,34,,,,12.63,1.42,SUPERNOVA TYPE II
SN 2001gj,II,0.27,,A053807-2342,,,,,,,,,,SUPERNOVA TYPE II
SN 1995ad,II,,,NGC2139,,Scd,6,42,140,,,11.99,1.42,SUPERNOVA TYPE II
SN 1981H,,,,A201900-2340,G,,,,,,,,,SUPERNOVA
SN 2013hv,Ic,,,E501-G102,,SBc:pec,4.5,37,,,,13.41,1.16,SUPERNOVA TYPE I
SN 2011co,II P,,,NGC2815,,SBb,2.9,71,10,,,12.81,1.54,SUPERNOVA TYPE II
SN 2006et,Ia,,,NGC 232,,SBa,1.1,36,172,,,14.57,0.98,SUPERNOVA TYPE I
SN 2004gh,II,,,M-04-25-06,,SB0/a,-0.1,58,152,,,14.39,1.04,SUPERNOVA TYPE II
SN 2007hf,Ia,,,A023728-2332,,,,,,,,,,SUPERNOVA TYPE I
SN 2006in,II,,,A224415-2327,,,,,,,,,,SUPERNOVA TYPE II
SN 2008K,II,,,E504-G05,,Sb,3,60,95,,,15.32,0.95,SUPERNOVA TYPE II
SN 2003em,Ia,,Y,E478-G06,,Sbc,4,58,104,,,13.69,1.26,SUPERNOVA TYPE I
SN 2009le,Ia,,Y,E478-G06,,Sbc,4,58,104,,,13.69,1.26,SUPERNOVA TYPE I
SN 2007cb,Ia,,,E510-G31,,Sab,2.2,59,73,,,15.85,0.95,SUPERNOVA TYPE I
SN 2012fd,Ia,,,E488-G51,,Sa,1,63,130,,,14.24,1.26,SUPERNOVA TYPE I
SN 2004ds,II P:,,,NGC 808,,SBbc,3.7,61,7,,,14.14,1.09,SUPERNOVA TYPE II
SN 2007ha,Ia,0.17,,A004601-2314,,,,,,,,,,SUPERNOVA TYPE I
SN 2004ep,II,,,IC2152,,SBa,1.2,46,55,,,13.5,1.23,SUPERNOVA TYPE II
SN 2005kg,Ia,,,M-04-50-07,,E/S0,,24,140,,,,0.69,SUPERNOVA TYPE I
SN 1998bn,Ia,,,NGC4462,,SBab,2,68,124,,,12.79,1.51,SUPERNOVA TYPE I
SN 2007fq,,,,M-04-48-19,,S0,-2,42,40,,,14.58,1.15,SUPERNOVA
SN 2000dd,Ia,,,A203500-2305,,,,,,,,,,SUPERNOVA TYPE I
SN 2006im,II,,,A220758-2305,,,,,,,,,,SUPERNOVA TYPE II
SN 2007Y,Ib,,Y,NGC1187,,SBc,5.1,46,130,,,11.31,1.74,SUPERNOVA TYPE I
SN 1982R,Ib:,,Y,NGC1187,,SBc,5.1,46,130,,,11.31,1.74,SUPERNOVA TYPE I
SN 1993K,II,,,NGC2223,G,SBb,3.2,29,175,,,12.63,1.47,SUPERNOVA TYPE II
SN 2002dh,II,,,A152449-2245,,,,,,,,,,SUPERNOVA TYPE II
SN 2002dt,?,,,E516-G05,,Sbc,3.8,49,134,,,15.2,0.88,SUPERNOVA
SN 2013cy,Ia,,Y,M-04-52-18,,SBbc,4.1,21,,,,14.54,1.16,SUPERNOVA TYPE I
SN 1937B,,,Y,M-04-52-18,G,SBbc,4.1,21,,,,14.54,1.16,SUPERNOVA
SN 2004dr,II P,,,E479-G42,,SBm pec,9.2,61,21,,,14.41,1.07,SUPERNOVA TYPE II
SN 2006dc,IIn,,,IC4596,,SBab,2.1,72,54,,,14.71,1.17,SUPERNOVA TYPE II
SN 2014dp,Ib,,,E562-G03,,Sc,4.9,36,40,,,14.55,1.08,SUPERNOVA TYPE I
SN 2012ev,Ia,,,A220302-2231,,,,,,,,,,SUPERNOVA TYPE I
SN 1993D,Ia,,,E571-G03,,S0/a,-1.1,39,,,,14.05,1.01,SUPERNOVA TYPE I
SN 2004av,Ia,,,E571-G15,,Sb,3.3,80,37,,,15.02,1.22,SUPERNOVA TYPE I
SN 2001fx,Ib,,,IC5345,,Sab,2,45,153,,,14.88,0.87,SUPERNOVA TYPE I
SN 2004db,Ia,,,NGC7377,,S0,-1,34,101,,,12.07,1.47,SUPERNOVA TYPE I
SN 2009aa,Ia,,,E570-G20,,Sbc,3.7,52,75,,,15.08,0.86,SUPERNOVA TYPE I
SN 2010lx,IIn,0.1,,A044444-2212,,,,,,,,,,SUPERNOVA TYPE II
SN 2004al,II,,,E565-G25,,Sc,5,57,113,,,15.18,0.89,SUPERNOVA TYPE II
SN 2003am,II,,Y,E576-G40,,SBd:pec,7,79,157,,,14.73,1.32,SUPERNOVA TYPE II
SN 1997br,Ia pec,,Y,E576-G40,,SBd:pec,7,79,157,,,14.73,1.32,SUPERNOVA TYPE I
SN 1986O,Ia,,,NGC2227,G,SBc,5.2,58,19,,,13.23,1.33,SUPERNOVA TYPE I
SN 2000bh,Ia,,,E573-G14,,Sc,4.7,51,98,,,15.06,1.14,SUPERNOVA TYPE I
SN 2007fc,Ia,,,E538-G08,,Sb pec,3,76,65,,,16.33,1.2,SUPERNOVA TYPE I
SN 2003hd,II,,,M-04-05-10,,Sbc,4.2,62,145,,,14.9,0.93,SUPERNOVA TYPE II
SN 2008em,Ic:,,,M-04-53-33,,Sbc,4.1,72,100,,,15.41,1.06,SUPERNOVA TYPE I
SN 2006ri,Ia,,,A021557-2154,,,,,,,,,,SUPERNOVA TYPE I
SN 2011I,Ia,,,A095024-2151,,,,,,,,,,SUPERNOVA TYPE I
SN 2003ap,Ia,,,A095052-2151,,,,,,,,,,SUPERNOVA TYPE I
SN 2001af,II,,,M-04-24-01,,SBbc,4,42,170,,,13.85,1.12,SUPERNOVA TYPE II
SN 2001M,Ic,,,NGC3240,,Scd:,5.8,32,85,,,13.97,1.04,SUPERNOVA TYPE I
SN 2004cf,Ib/c,0.247,,A141105-1144,,,,,,,,,,SUPERNOVA TYPE I
SN 1978A,II pec,,,M-04-32-23,,Sb,2.8,63,81,,,15.52,0.91,SUPERNOVA TYPE II
SN 2010lz,Ic,,,A015021-2144,,,,,,,,,,SUPERNOVA TYPE I
SN 2003gf,Ic:,,,M-04-52-26,,IBm,10,58,108,,,15.37,1.11,SUPERNOVA TYPE I
SN 2008cv,Ia,,,E598-G22,,S0,-1.9,24,,,,14.48,0.99,SUPERNOVA TYPE I
SN 2010jh,,,,A223516-2141,,,,,,,,,,SUPERNOVA
SN 2003ev,Ic,,,A131031-2139,,,,,,,,,,SUPERNOVA TYPE I
SN 2007ai,Ia,,,M-04-38-04,,SBc,5.1,41,148,,,14.65,1.03,SUPERNOVA TYPE I
SN 2007cc,Ia,,,E578-G26,,SBc pec:,4.5,49,53,,,14.64,1.25,SUPERNOVA TYPE I
SN 2006dx,II,,,A211034-2110,,,,,,,,,,SUPERNOVA TYPE II
SN 2004ff,IIb,,,E552-G40,,SBab,2,53,50,,,14.22,1.09,SUPERNOVA TYPE II
SN 1975S,II:,,,NGC1325,G,SBbc,4.2,72,56,,,12.16,1.67,SUPERNOVA TYPE II
SN 2007fs,Ia,,,E601-G05,,Sbc,3.7,79,65,,,15.13,1.22,SUPERNOVA TYPE I
SN 2005cw,II,,,IC1439,,SBa,1,49,27,,,14.96,1.12,SUPERNOVA TYPE II
SN 2009du,Ia,,,A133946-2127,,,,,,,,,,SUPERNOVA TYPE I
SN 2010jp,IIn,,,A061630-2124,,,,,,,,,,SUPERNOVA TYPE II
SN 2007at,Ia,,,E580-G44,,Sc,4.7,46,,,,15.61,0.88,SUPERNOVA TYPE I
SN 2013ai,II,,Y,NGC2207,,SBbc,4.3,54,141,,,12.57,1.64,SUPERNOVA TYPE II
SN 2003H,Ib pec,,Y,NGC2207,,SBbc,4.3,54,141,,,12.57,1.64,SUPERNOVA TYPE I
SN 1975A,Ia,,Y,NGC2207,G,SBbc,4.3,54,141,,,12.57,1.64,SUPERNOVA TYPE I
SN 1999ec,Iac,,Y,NGC2207,,SBbc,4.3,54,141,,,12.57,1.64,SUPERNOVA TYPE I
SN 1982E,,,,NGC1332,G,E/S0,-3,,148,,,11.25,1.6,SUPERNOVA
SN 1999gh,Ia,,,NGC2986,,E2,-5,,105,,,11.72,1.5,SUPERNOVA TYPE I
SN 2006ce,Ia,,Y,NGC 908,,SBc,5.1,65,75,,,10.73,1.78,SUPERNOVA TYPE I
SN 1994ai,Ic,,Y,NGC 908,,SBc,5.1,65,75,,,10.73,1.78,SUPERNOVA TYPE I
SN 2001bc,II,0.195,,A094607-2111,,,,,,,,,,SUPERNOVA TYPE II
SN 2003bn,II,,,A100235-2110,,,,,,,,,,SUPERNOVA TYPE II
SN 2007fv,II,,,A230351-2108,,,,,,,,,,SUPERNOVA TYPE II
SN 1996Z,Ia,,Y,NGC2935,,SBb,3.2,43,,,,12.18,1.59,SUPERNOVA TYPE I
SN 2007ho,Ia,,,A212250-2108,,,,,,,,,,SUPERNOVA TYPE I
SN 1962H,II,,,IC4237,G,SBb,3.2,54,140,,,13.31,1.34,SUPERNOVA TYPE II
SN 2006hb,Ia,,,M-04-12-34,,E/S0,-2.6,45,67,,,13.92,0.99,SUPERNOVA TYPE I
SN 1975F,Pec,,Y,NGC2935,G,SBb,3.2,43,,,,12.18,1.59,SUPERNOVA
SN 2015H,Ia pec,,Y,NGC3464,,SBc,5,50,112,,,13,1.41,SUPERNOVA TYPE I
SN 2002J,Ic,,Y,NGC3464,,SBc,5,50,112,,,13,1.41,SUPERNOVA TYPE I
SN 2002hy,Ib pec,,Y,NGC3464,,SBc,5,50,112,,,13,1.41,SUPERNOVA TYPE I
SN 2002fi,Ia,,,M-04-07-10,,Sab,2.4,44,67,,,15.67,0.96,SUPERNOVA TYPE I
SN 2013gj,II,,,A024110-2101,,,,,,:,,,,SUPERNOVA TYPE II
SN 2006qq,IIn,,,E553-G36,,Sb,3.4,75,134,,,15.85,0.99,SUPERNOVA TYPE II
SN 2011Z,Ia pec,,,E576-G77,,S0,-2.2,27,170,,,14.52,1.02,SUPERNOVA TYPE I
SN 1954I,,,,A111436-2054,G,S:,,,,,p,17.5,,SUPERNOVA
SN 2005as,Ia,,,NGC3450,,SBc,3.2,27,140,,,12.54,1.4,SUPERNOVA TYPE I
SN 2004ag,II,0.362,,A095101-2050,,,,,,,,,,SUPERNOVA TYPE II
SN 1984N,Pec,,,NGC7184,,SBc,4.9,85,62,,,11.68,1.78,SUPERNOVA
SN 2008go,Ia,,,A221044-2047,,,,,,,,,,SUPERNOVA TYPE I
SN 2003gr,Ia,,Y,M-04-55-14,,SBbc,3.7,59,144,,,15.02,0.98,SUPERNOVA TYPE I
SN 2006ec,Ib,,Y,M-04-55-14,,SBbc,3.7,59,144,,,15.02,0.98,SUPERNOVA TYPE I
SN 2006ot,Ia,,,E544-G31,,Sa,0.8,63,6,,,15.48,0.99,SUPERNOVA TYPE I
SN 2005cq,Ia,0.31,,A095200-2043,,,,,,:,,,,SUPERNOVA TYPE I
SN 2006rx,IIn,,,A234310-2040,,,,,,,,,,SUPERNOVA TYPE II
SN 2002ds,II,,,E581-G25,,SBd pec,6.6,78,57,,,13.31,1.55,SUPERNOVA TYPE II
SN 2004bq,Ia,,,E597-G32,,Sa,1,69,2,,,15.12,1.02,SUPERNOVA TYPE I
SN 2011ic,Ia,,,A101533-2035,,,,,,,,,,SUPERNOVA TYPE I
SN 2001be,Ia,0.241,,A095251-2034,,,,,,,,,,SUPERNOVA TYPE I
SN 2010bl,Ia,,,M-03-32-18,,E,-4,,12,,,14.9,0.87,SUPERNOVA TYPE I
SN 2013ao,Ia,,,A114444-2031,,,,,,:,,,,SUPERNOVA TYPE I
SN 1937E,I:,,,NGC1482,G,S0/a,-1,64,103,,,13.14,1.38,SUPERNOVA TYPE I
SN 2000fu,,,,M-03-38-21,,SBdm:,7.6,56,140,,,14.11,1.3,SUPERNOVA
SN 1990aj,Iac,,,NGC1640,,SBb,2.9,29,45,,,12.42,1.42,SUPERNOVA TYPE I
SN 1992D,IIn,,,A060059-2022,,,,,,,,,,SUPERNOVA TYPE II
SN 1999gc,Ia,,,A010510-2017,,,,,,,,,,SUPERNOVA TYPE I
SN 2008W,II P,,,M-03-22-07,,Sc,4.6,29,166,,,14.41,0.95,SUPERNOVA TYPE II
SN 2011ds,II,,,A200220-2013,,,,,,,,,,SUPERNOVA TYPE II
SN 1999cr,II P,,,E576-G34,,Scd,7.1,81,9,:,,16.11,1.02,SUPERNOVA TYPE II
SN 2008bu,II,,,E586-G02,,Sc,4.9,70,48,,,15.83,0.96,SUPERNOVA TYPE II
SN 1999cs,Ia,,,A120425-2006,,,,,,,,,,SUPERNOVA TYPE I
SN 2007sq,II P,,,M-03-23-05,,Sbc:,4,82,166,,,13.98,1.48,SUPERNOVA TYPE II
SN 1999cx,,,,A120749-2000,,,,,,,,,,SUPERNOVA
SN 1998dp,,,,A215828-1958,,,,,,,,,,SUPERNOVA
SN 2009hf,II P,,,NGC 175,,SBab,2,29,102,,,12.9,1.33,SUPERNOVA TYPE II
SN 2010ey,Ia,,,E548-G76,,S0,-2,29,17,,,14.6,1.07,SUPERNOVA TYPE I
SN 2002cj,Ic,,,E582-G05,,Sbc,4.2,71,101,,,16.45,0.9,SUPERNOVA TYPE I
SN 2004bo,Ia,,,E576-G54,,E-S0,-2.9,,37,,,15.02,1.06,SUPERNOVA TYPE I
SN 2009fw,Ia,,,E597-G06,,S0:,-3,39,48,,,,1.27,SUPERNOVA TYPE I
SN 2010ly,Ia,,,A030503-1940,,,,,,,,,,SUPERNOVA TYPE I
SN 2002dj,Ia,,,NGC5018,,E3:,-5,42,112,,,11.69,1.52,SUPERNOVA TYPE I
SN 2008as,Ia,,,E567-G57,,Sab,2.1,67,91,,,15.2,0.96,SUPERNOVA TYPE I
SN 2007al,Ia,,,A095919-1928,,,,,,,,,,SUPERNOVA TYPE I
SN 2009jc,Ia,,,A010243-1927,,,,,,,,,,SUPERNOVA TYPE I
SN 2004K,Ia,,,E579-G22,,Sa,1,32,100,,,15.42,1.07,SUPERNOVA TYPE I
SN 2007aw,Ic,,,NGC3072,,S0/a,0,71,71,,,13.9,1.27,SUPERNOVA TYPE I
SN 1996W,II,,,NGC4027,,SBdm,8,41,167,,,11.66,1.5,SUPERNOVA TYPE II
SN 1954G,,,,A123524-1915,G,Sc:,,,,,p,17.5,,SUPERNOVA
SN 2003bw,II,,,IC1077,,SBbc?,3.7,36,135,,,13.53,1.14,SUPERNOVA TYPE II
SN 2003go,IIn,,,A195247-1911,,,,,,,,,,SUPERNOVA TYPE II
SN 2009D,Ia,,,M-03-10-52,,Sb,3.1,64,22,,,14.86,1.05,SUPERNOVA TYPE I
SN 2010hv,II P,,,A232425-1902,,,,,,,,,,SUPERNOVA TYPE II
SN 2010gg,II,,,E602-G25,,SBbc,4,61,171,,,14.26,1.18,SUPERNOVA TYPE II
SN 2006de,II,,,M-03-55-03,,Sc,5.6,55,122,,,14.71,1.01,SUPERNOVA TYPE II
SN 2005dt,II,,,M-03-59-06,,SBc:,5,37,45,,,15.09,1.11,SUPERNOVA TYPE II
SN 2007U,II,,,E552-G65,,Sb,2.9,65,54,,,15.57,1.04,SUPERNOVA TYPE II
SN 2013as,Ia,,,A115252-1859,,,,,,:,,,,SUPERNOVA TYPE I
SN 2007sr,Ia,,Y,NGC4038,,SBm,8.8,65,80,,,10.85,1.77,SUPERNOVA TYPE I
SN 2009nz,?,0.49,,A022619-1857,,,,,,,,,,SUPERNOVA
SN 2013gh,Ia,,,NGC7183,,S0 pec,-0.5,72,77,,,12.92,1.58,SUPERNOVA TYPE I
SN 1921A,,,,NGC4039,G,SBm,9,70,130,,,11.02,1.73,SUPERNOVA
SN 1987J,II,,,E601-G26,G,Sc,6,23,,,,15.8,0.88,SUPERNOVA TYPE II
SN 2013dk,Ic,,Y,NGC4038,,SBm,8.8,65,80,,,10.85,1.77,SUPERNOVA TYPE I
SN 2004gt,Ic,,Y,NGC4038,,SBm,8.8,65,80,,,10.85,1.77,SUPERNOVA TYPE I
SN 1974E,,,Y,NGC4038,G,SBm,8.8,65,80,,,10.85,1.77,SUPERNOVA
SN 2007P,II:,,,E566-G36,,Sab,1.8,57,31,,,15.75,0.86,SUPERNOVA TYPE II
SN 2015an,II pec,,,IC2367,,SBb,3.1,58,60,,,12.74,1.39,SUPERNOVA TYPE II
SN 2009hh,Ic,,,NGC1301,,SBbc,4.3,78,140,,,14.1,1.34,SUPERNOVA TYPE I
SN 2005iq,Ia,,,M-03-01-08,,Sb,2.5,61,28,,,15.23,0.99,SUPERNOVA TYPE I
SN 2006eo,II,,,M-03-12-15,,SBb,3.2,58,16,,,14.57,1.11,SUPERNOVA TYPE II
SN 2008hu,Ia,,,E561-G18,,Sbc,3.6,63,157,:,,15.7,0.97,SUPERNOVA TYPE I
SN 2009lh,Ia,,,A095322-1838,,,,,,,,,,SUPERNOVA TYPE I
SN 2009dp,Ic,,,NGC6912,,SBc,5,34,55,,,13.87,1.14,SUPERNOVA TYPE I
SN 2002el,Ia,,,NGC6986,,SB0?,-3,54,8,:,,14.93,1,SUPERNOVA TYPE I
SN 1999E,IIn,,,A131716-1833,,S,,,,,,,,SUPERNOVA TYPE II
SN 2001hf,II,,,M-03-23-17,,Sbc,4.2,67,87,,,14.24,1.03,SUPERNOVA TYPE II
SN 2013bd,IIb,,,E583-G05,,Sb,3,73,85,,,15.52,1,SUPERNOVA TYPE II
SN 2001gf,Ia,0.13,,A220421-1821,,,,,,,,,,SUPERNOVA TYPE I
SN 1992bp,Ia,,,A033637-1821,,E2/S0,,,,,,,,SUPERNOVA TYPE I
SN 2003gg,II,,,IC1321,,SBbc,4,46,85,,,15.32,1.04,SUPERNOVA TYPE II
SN 2008gg,Ia,,,NGC 539,,SBc,5,32,145,,,14.29,1.19,SUPERNOVA TYPE I
SN 2001et,II,,,M-03-51-09,,SBc,6.5,37,145,,,14.76,0.98,SUPERNOVA TYPE II
SN 1953K,,,,IC4536,G,SBd,7.9,38,10,,,13.8,1.34,SUPERNOVA
,,,,,,,,,,,,,,
,,,172,902,,,,,,,,,,